"FCH4","TA","WTD","VPD","GPP_PI_F_NT_gC","SO4_pred_interp","TP_interp","DOC_interp","NH4_N_interp","NO3_NO2_N_interp","pH_interp","site"
NA,NA,NA,NA,NA,NA,NA,NA,NA,NA,NA,"Hogg"
NA,NA,NA,NA,NA,NA,NA,NA,NA,NA,NA,"Hogg"
NA,NA,NA,NA,NA,NA,NA,NA,NA,NA,NA,"Hogg"
NA,NA,NA,NA,NA,NA,NA,NA,NA,NA,NA,"Hogg"
NA,NA,NA,NA,NA,NA,NA,NA,NA,NA,NA,"Hogg"
NA,NA,NA,NA,NA,NA,NA,NA,NA,NA,NA,"Hogg"
NA,NA,NA,NA,NA,NA,NA,NA,NA,NA,NA,"Hogg"
NA,NA,NA,NA,NA,NA,NA,NA,NA,NA,NA,"Hogg"
NA,NA,NA,NA,NA,NA,NA,NA,NA,NA,NA,"Hogg"
NA,NA,NA,NA,NA,NA,NA,NA,NA,NA,NA,"Hogg"
NA,NA,NA,NA,NA,NA,NA,NA,NA,NA,NA,"Hogg"
NA,NA,NA,NA,NA,NA,NA,NA,NA,NA,NA,"Hogg"
NA,NA,NA,NA,NA,NA,NA,NA,NA,NA,NA,"Hogg"
NA,NA,NA,NA,NA,NA,NA,NA,NA,NA,NA,"Hogg"
NA,NA,NA,NA,NA,NA,NA,NA,NA,NA,NA,"Hogg"
NA,NA,NA,NA,NA,NA,NA,NA,NA,NA,NA,"Hogg"
NA,NA,NA,NA,NA,NA,NA,NA,NA,NA,NA,"Hogg"
NA,NA,NA,NA,NA,NA,NA,NA,NA,NA,NA,"Hogg"
NA,NA,NA,NA,NA,NA,NA,NA,NA,NA,NA,"Hogg"
NA,NA,NA,NA,NA,NA,NA,NA,NA,NA,NA,"Hogg"
NA,NA,NA,NA,NA,NA,NA,NA,NA,NA,NA,"Hogg"
NA,NA,NA,NA,NA,NA,NA,NA,NA,NA,NA,"Hogg"
NA,NA,NA,NA,NA,NA,NA,NA,NA,NA,NA,"Hogg"
NA,NA,NA,NA,NA,NA,NA,NA,NA,NA,NA,"Hogg"
NA,NA,NA,NA,NA,NA,NA,NA,NA,NA,NA,"Hogg"
NA,NA,NA,NA,NA,NA,NA,NA,NA,NA,NA,"Hogg"
NA,NA,NA,NA,NA,NA,NA,NA,NA,NA,NA,"Hogg"
NA,NA,NA,NA,NA,NA,NA,NA,NA,NA,NA,"Hogg"
NA,NA,NA,NA,NA,NA,NA,NA,NA,NA,NA,"Hogg"
NA,NA,NA,NA,NA,NA,NA,NA,NA,NA,NA,"Hogg"
NA,NA,NA,NA,NA,NA,NA,NA,NA,NA,NA,"Hogg"
NA,NA,NA,NA,NA,NA,NA,NA,NA,NA,NA,"Hogg"
NA,NA,NA,NA,NA,NA,NA,NA,NA,NA,NA,"Hogg"
NA,NA,NA,NA,NA,NA,NA,NA,NA,NA,NA,"Hogg"
NA,NA,NA,NA,NA,NA,NA,NA,NA,NA,NA,"Hogg"
NA,NA,NA,NA,NA,NA,NA,NA,NA,NA,NA,"Hogg"
NA,NA,NA,NA,NA,NA,NA,NA,NA,NA,NA,"Hogg"
NA,NA,NA,NA,NA,NA,NA,NA,NA,NA,NA,"Hogg"
NA,NA,NA,NA,NA,NA,NA,NA,NA,NA,NA,"Hogg"
NA,NA,NA,NA,NA,NA,NA,NA,NA,NA,NA,"Hogg"
NA,NA,NA,NA,NA,NA,NA,NA,NA,NA,NA,"Hogg"
NA,NA,NA,NA,NA,NA,NA,NA,NA,NA,NA,"Hogg"
NA,NA,NA,NA,NA,NA,NA,NA,NA,NA,NA,"Hogg"
NA,NA,NA,NA,NA,NA,NA,NA,NA,NA,NA,"Hogg"
NA,NA,NA,NA,NA,NA,NA,NA,NA,NA,NA,"Hogg"
NA,NA,NA,NA,NA,NA,NA,NA,NA,NA,NA,"Hogg"
NA,NA,NA,NA,NA,NA,NA,NA,NA,NA,NA,"Hogg"
NA,NA,NA,NA,NA,NA,NA,NA,NA,NA,NA,"Hogg"
NA,NA,NA,NA,NA,NA,NA,NA,NA,NA,NA,"Hogg"
NA,NA,NA,NA,NA,NA,NA,NA,NA,NA,NA,"Hogg"
NA,NA,NA,NA,NA,NA,NA,NA,NA,NA,NA,"Hogg"
NA,NA,NA,NA,NA,NA,NA,NA,NA,NA,NA,"Hogg"
NA,NA,NA,NA,NA,NA,NA,NA,NA,NA,NA,"Hogg"
NA,NA,NA,NA,NA,NA,NA,NA,NA,NA,NA,"Hogg"
NA,NA,NA,NA,NA,NA,NA,NA,NA,NA,NA,"Hogg"
NA,NA,NA,NA,NA,NA,NA,NA,NA,NA,NA,"Hogg"
NA,NA,NA,NA,NA,NA,NA,NA,NA,NA,NA,"Hogg"
NA,NA,NA,NA,NA,NA,NA,NA,NA,NA,NA,"Hogg"
NA,NA,NA,NA,NA,NA,NA,NA,NA,NA,NA,"Hogg"
NA,NA,NA,NA,NA,NA,NA,NA,NA,NA,NA,"Hogg"
NA,NA,NA,NA,NA,NA,NA,NA,NA,NA,NA,"Hogg"
NA,NA,NA,NA,NA,NA,NA,NA,NA,NA,NA,"Hogg"
NA,NA,NA,NA,NA,NA,NA,NA,NA,NA,NA,"Hogg"
NA,NA,NA,NA,NA,NA,NA,NA,NA,NA,NA,"Hogg"
NA,NA,NA,NA,NA,NA,NA,NA,NA,NA,NA,"Hogg"
NA,NA,NA,NA,NA,NA,NA,NA,NA,NA,NA,"Hogg"
NA,NA,NA,NA,NA,NA,NA,NA,NA,NA,NA,"Hogg"
NA,NA,NA,NA,NA,NA,NA,NA,NA,NA,NA,"Hogg"
NA,NA,NA,NA,NA,NA,NA,NA,NA,NA,NA,"Hogg"
NA,NA,NA,NA,NA,NA,NA,NA,NA,NA,NA,"Hogg"
NA,NA,NA,NA,NA,NA,NA,NA,NA,NA,NA,"Hogg"
NA,NA,NA,NA,NA,NA,NA,NA,NA,NA,NA,"Hogg"
NA,NA,NA,NA,NA,NA,NA,NA,NA,NA,NA,"Hogg"
NA,NA,NA,NA,NA,NA,NA,NA,NA,NA,NA,"Hogg"
NA,NA,NA,NA,NA,NA,NA,NA,NA,NA,NA,"Hogg"
NA,NA,NA,NA,NA,NA,NA,NA,NA,NA,NA,"Hogg"
NA,NA,NA,NA,NA,NA,NA,NA,NA,NA,NA,"Hogg"
NA,NA,NA,NA,NA,NA,NA,NA,NA,NA,NA,"Hogg"
NA,NA,NA,NA,NA,NA,NA,NA,NA,NA,NA,"Hogg"
NA,NA,NA,NA,NA,NA,NA,NA,NA,NA,NA,"Hogg"
NA,NA,NA,NA,NA,NA,NA,NA,NA,NA,NA,"Hogg"
NA,NA,NA,NA,NA,NA,NA,NA,NA,NA,NA,"Hogg"
NA,NA,NA,NA,NA,NA,NA,NA,NA,NA,NA,"Hogg"
NA,NA,NA,NA,NA,NA,NA,NA,NA,NA,NA,"Hogg"
NA,NA,NA,NA,NA,NA,NA,NA,NA,NA,NA,"Hogg"
NA,NA,NA,NA,NA,NA,NA,NA,NA,NA,NA,"Hogg"
NA,NA,NA,NA,NA,NA,NA,NA,NA,NA,NA,"Hogg"
NA,NA,NA,NA,NA,NA,NA,NA,NA,NA,NA,"Hogg"
NA,NA,NA,NA,NA,NA,NA,NA,NA,NA,NA,"Hogg"
NA,NA,NA,NA,NA,NA,NA,NA,NA,NA,NA,"Hogg"
NA,NA,NA,NA,NA,NA,NA,NA,NA,NA,NA,"Hogg"
NA,NA,NA,NA,NA,NA,NA,NA,NA,NA,NA,"Hogg"
NA,NA,NA,NA,NA,NA,NA,NA,NA,NA,NA,"Hogg"
NA,NA,NA,NA,NA,NA,NA,NA,NA,NA,NA,"Hogg"
NA,NA,NA,NA,NA,NA,NA,NA,NA,NA,NA,"Hogg"
NA,NA,NA,NA,NA,NA,NA,NA,NA,NA,NA,"Hogg"
NA,NA,NA,NA,NA,NA,NA,NA,NA,NA,NA,"Hogg"
NA,NA,NA,NA,NA,NA,NA,NA,NA,NA,NA,"Hogg"
NA,NA,NA,NA,NA,NA,NA,NA,NA,NA,NA,"Hogg"
NA,NA,NA,NA,NA,NA,NA,NA,NA,NA,NA,"Hogg"
NA,NA,NA,NA,NA,NA,NA,NA,NA,NA,NA,"Hogg"
NA,NA,NA,NA,NA,NA,NA,NA,NA,NA,NA,"Hogg"
NA,NA,NA,NA,NA,NA,NA,NA,NA,NA,NA,"Hogg"
NA,NA,NA,NA,NA,NA,NA,NA,NA,NA,NA,"Hogg"
NA,NA,NA,NA,NA,NA,NA,NA,NA,NA,NA,"Hogg"
NA,NA,NA,NA,NA,NA,NA,NA,NA,NA,NA,"Hogg"
NA,NA,NA,NA,NA,NA,NA,NA,NA,NA,NA,"Hogg"
NA,NA,NA,NA,NA,NA,NA,NA,NA,NA,NA,"Hogg"
NA,NA,NA,NA,NA,NA,NA,NA,NA,NA,NA,"Hogg"
NA,NA,NA,NA,NA,NA,NA,NA,NA,NA,NA,"Hogg"
NA,NA,NA,NA,NA,NA,NA,NA,NA,NA,NA,"Hogg"
NA,NA,NA,NA,NA,NA,NA,NA,NA,NA,NA,"Hogg"
NA,-1.59858867350747,NA,3.10023295879364,NA,NA,NA,NA,NA,NA,NA,"Hogg"
NA,0.78302279052635,NA,5.15854224935174,NA,NA,NA,NA,NA,NA,NA,"Hogg"
NA,5.13479325423638,NA,5.46810380121072,NA,NA,NA,NA,NA,NA,NA,"Hogg"
NA,4.90099685457018,NA,3.40274022685157,NA,NA,NA,NA,NA,NA,NA,"Hogg"
NA,8.42331290695195,NA,7.51667127013206,NA,NA,NA,NA,NA,NA,NA,"Hogg"
NA,2.43002022210082,NA,2.76941087841988,NA,NA,NA,NA,NA,NA,NA,"Hogg"
NA,1.95414435180525,NA,3.07343177683651,NA,NA,NA,NA,NA,NA,NA,"Hogg"
NA,3.97865219932535,NA,5.48264328357966,NA,NA,NA,NA,NA,NA,NA,"Hogg"
NA,10.4095425121486,NA,9.09283599505822,NA,NA,NA,NA,NA,NA,NA,"Hogg"
NA,7.14266623059909,NA,4.02760503937801,NA,NA,NA,NA,NA,NA,NA,"Hogg"
NA,4.12450109173854,NA,3.8459710602959,NA,NA,NA,NA,NA,NA,NA,"Hogg"
NA,3.15697883621518,NA,4.01931857814391,NA,NA,NA,NA,NA,NA,NA,"Hogg"
NA,3.15072980228191,NA,4.57629938175281,NA,NA,NA,NA,NA,NA,NA,"Hogg"
NA,3.93868479318917,NA,4.77831660894056,NA,NA,NA,NA,NA,NA,NA,"Hogg"
NA,5.13416518530964,NA,5.13463897009691,NA,NA,NA,NA,NA,NA,NA,"Hogg"
NA,5.06660179188475,NA,5.53764900316795,NA,NA,NA,NA,NA,NA,NA,"Hogg"
NA,4.19437502324581,NA,4.11324508984884,NA,NA,NA,NA,NA,NA,NA,"Hogg"
NA,5.68237471953034,NA,6.34940224078794,NA,NA,NA,NA,NA,NA,NA,"Hogg"
NA,10.6095026503026,NA,11.5554095730186,NA,NA,NA,NA,NA,NA,NA,"Hogg"
NA,14.4720826397339,NA,15.9084211637576,NA,653.91266025641,103.935809294872,43.291891025641,12.2500480769231,0.254575320512821,8.99004006410256,"Hogg"
NA,15.6781857212385,NA,13.9112291932106,NA,665.989583333333,102.824270833333,45.3995833333333,14.313125,0.590729166666667,8.94927083333333,"Hogg"
NA,14.8650639653206,NA,11.1433337926865,NA,678.066506410256,101.712732371795,47.5072756410256,16.3762019230769,0.926883012820513,8.9085016025641,"Hogg"
NA,14.8248766859372,NA,10.8110112026334,NA,690.143429487179,100.601193910256,49.6149679487179,18.4392788461538,1.26303685897436,8.86773237179487,"Hogg"
NA,18.5868946846495,NA,14.8144540152651,NA,702.220352564103,99.489655448718,51.7226602564103,20.5023557692308,1.59919070512821,8.82696314102564,"Hogg"
NA,12.7768090565999,NA,7.14438147771926,NA,714.297275641026,98.3781169871795,53.8303525641026,22.5654326923077,1.93534455128205,8.78619391025641,"Hogg"
NA,NA,NA,NA,NA,726.374198717949,97.266578525641,55.9380448717949,24.6285096153846,2.2714983974359,8.74542467948718,"Hogg"
NA,13.0476661258274,NA,10.0988810857137,NA,738.451121794872,96.1550400641026,58.0457371794872,26.6915865384615,2.60765224358974,8.70465544871795,"Hogg"
0.568589301407337,4.37381126483281,NA,1.89745832979679,0.482411728013774,750.528044871795,95.0435016025641,60.1534294871795,28.7546634615385,2.94380608974359,8.66388621794872,"Hogg"
-3.53106993895311,2.5418218250076,NA,0.843529383235789,-0.528679104159772,762.604967948718,93.9319631410256,62.2611217948718,30.8177403846154,3.27995993589744,8.62311698717949,"Hogg"
-0.885756080922408,3.75887318700552,NA,1.46243513313433,1.41671637408239,774.681891025641,92.8204246794872,64.3688141025641,32.8808173076923,3.61611378205128,8.58234775641026,"Hogg"
1.55283546717837,8.10139763355255,NA,1.61596558398257,1.57031716345772,786.758814102564,91.7088862179487,66.4765064102564,34.9438942307692,3.95226762820513,8.54157852564103,"Hogg"
1.22617514475304,15.0291245778402,NA,6.34477236277113,1.86202873961355,798.835737179487,90.5973477564103,68.5841987179487,37.0069711538462,4.28842147435897,8.50080929487179,"Hogg"
-2.14289345562458,8.44585527728001,NA,1.97536322722832,2.22439141730244,817.992788461538,99.7670592948718,70.3036137820513,40.4529326923077,4.57034455128205,8.49280448717949,"Hogg"
-4.18295178446505,4.33902200513209,NA,4.20364314566056,2.87278664886475,844.53125,119.655520833333,71.6182291666667,45.340625,4.79572916666667,8.51895833333333,"Hogg"
0.485421680948801,5.87743670120835,NA,5.62524924551447,2.47408661730212,871.069711538462,139.543982371795,72.932844551282,50.2283173076923,5.02111378205128,8.54511217948718,"Hogg"
-2.51377502998168,10.850335277617,NA,7.64679876963298,2.19229983483893,897.608173076923,159.432443910256,74.2474599358974,55.1160096153846,5.2464983974359,8.57126602564103,"Hogg"
-1.0276263930062,14.8420009513696,NA,9.11291808759173,2.37466670290826,924.146634615385,179.320905448718,75.5620753205128,60.0037019230769,5.47188301282051,8.59741987179487,"Hogg"
-2.18429838235562,10.8083546062311,219.604166666667,5.41515582054853,2.35753845441265,950.685096153846,199.209366987179,76.8766907051282,64.8913942307692,5.69726762820513,8.62357371794872,"Hogg"
-1.16487602761814,14.7160617609819,217.270833333333,12.9784604016071,2.08723265106377,977.223557692308,219.097828525641,78.1913060897436,69.7790865384615,5.92265224358974,8.64972756410256,"Hogg"
1.85819000147638,18.1137917836507,216.493310397554,13.5669406354427,1.97950082294916,1003.76201923077,238.986290064103,79.505921474359,74.6667788461538,6.14803685897436,8.67588141025641,"Hogg"
-14.5374334295591,20.3000208040078,218.81995412844,16.112929067264,2.9161496293028,1030.30048076923,258.874751602564,80.8205368589744,79.5544711538462,6.37342147435897,8.70203525641026,"Hogg"
-3.08062490668052,24.435104171435,220.251146788991,18.9708067625761,2.61688092873961,1056.83894230769,278.763213141026,82.1351522435897,84.4421634615385,6.59880608974359,8.7281891025641,"Hogg"
-0.702056976407766,24.436020453771,221.682339449541,19.4894579946995,2.43084013409792,1083.37740384615,298.651674679487,83.4497676282051,89.3298557692308,6.82419070512821,8.75434294871795,"Hogg"
-3.97408806455546,23.6235208113988,223.113532110092,20.5243246754011,2.70704997079244,1109.91586538462,318.540136217949,84.7643830128205,94.2175480769231,7.04957532051282,8.78049679487179,"Hogg"
-2.04640916760626,18.5050843556722,224.544724770642,10.8176430265109,1.19237732509643,1136.45432692308,338.42859775641,86.0789983974359,99.1052403846154,7.27495993589744,8.80665064102564,"Hogg"
-0.496258610061237,14.1519590516885,225.975917431193,6.21895936131477,2.14787573701369,1139.36904761905,339.346458333333,86.045,99.3982738095238,7.13156994047619,8.81510416666667,"Hogg"
1.57918464296903,20.128688176473,227.407110091743,13.8835833867391,2.68957415681653,1117.65476190476,320.486458333333,84.605,94.901130952381,6.60371279761905,8.80510416666667,"Hogg"
8.38514320958744,15.622210820516,228.838302752294,2.62233596295118,0.14059846968665,1095.94047619048,301.626458333333,83.165,90.4039880952381,6.0758556547619,8.79510416666667,"Hogg"
-2.22268547448847,15.3546657562256,230.269495412844,2.43056608379508,3.28699233855978,1074.22619047619,282.766458333333,81.725,85.9068452380952,5.54799851190476,8.78510416666667,"Hogg"
2.62243325710297,15.3236071268717,289.416666666667,1.22088626461724,-0.266351931707114,1052.5119047619,263.906458333333,80.285,81.4097023809524,5.02014136904762,8.77510416666667,"Hogg"
3.20067662849676,17.8671652475993,335.052083333333,10.0582983568311,3.35565236261744,1030.79761904762,245.046458333333,78.845,76.9125595238095,4.49228422619048,8.76510416666667,"Hogg"
0.535103596746922,18.40691502889,333.90625,10.7958199977875,3.9892613341653,1009.08333333333,226.186458333333,77.405,72.4154166666667,3.96442708333333,8.75510416666667,"Hogg"
-5.64984838912884,19.9151051839193,333.15625,13.2306395933653,4.11172799584671,987.369047619048,207.326458333333,75.965,67.9182738095238,3.43656994047619,8.74510416666667,"Hogg"
2.44595567026037,21.0791257222493,331.666666666667,13.8186392088731,4.54986943151379,965.654761904762,188.466458333333,74.525,63.4211309523809,2.90871279761905,8.73510416666667,"Hogg"
0.792371428393303,21.5362923940023,329.03125,13.4883805016677,4.46800358174467,943.940476190476,169.606458333333,73.085,58.9239880952381,2.3808556547619,8.72510416666667,"Hogg"
0.815671810194066,18.4035396575928,323.791666666667,12.5760421405236,4.01307668595627,922.22619047619,150.746458333333,71.645,54.4268452380952,1.85299851190476,8.71510416666667,"Hogg"
0.149758366539198,14.1028340657552,326.34375,4.83809734756748,3.85304724847997,900.511904761905,131.886458333333,70.205,49.9297023809524,1.32514136904762,8.70510416666667,"Hogg"
1.32366941263899,15.5359376271566,327.458333333333,5.17978728190064,4.74155765093968,878.797619047619,113.026458333333,68.765,45.4325595238095,0.797284226190476,8.69510416666667,"Hogg"
-5.51892103698659,12.7049592236678,321.4375,5.44785694653789,4.32561441808677,857.083333333333,94.1664583333334,67.325,40.9354166666667,0.269427083333333,8.68510416666667,"Hogg"
1.07704873101131,11.3277287781239,312.697916666667,6.40734274685383,5.25473880850234,852.784226190476,87.5093229166667,67.2565327380952,38.2486830357143,0.573511904761905,8.66845982142857,"Hogg"
-1.07358604504002,18.2037728627523,309.6875,12.4939673344294,5.0194289871515,866.641369047619,93.5743229166667,68.6179613095238,37.4493973214286,1.74494047619048,8.64488839285714,"Hogg"
-1.92675093561411,19.3723951975505,311.666666666667,9.52882685263952,4.79843516301638,880.498511904762,99.6393229166667,69.9793898809524,36.6501116071429,2.91636904761905,8.62131696428571,"Hogg"
-2.0326073512435,17.2303117116292,309.572916666667,8.92839433749517,5.72214968036926,894.355654761905,105.704322916667,71.340818452381,35.8508258928571,4.08779761904762,8.59774553571429,"Hogg"
2.38933662788288,18.6522686481476,309.572916666667,8.70733174047572,6.64131372734677,908.212797619048,111.769322916667,72.7022470238095,35.0515401785714,5.25922619047619,8.57417410714286,"Hogg"
-1.61082793997996,19.6368764241536,312.354166666667,8.73528053363164,5.2451902379179,922.06994047619,117.834322916667,74.0636755952381,34.2522544642857,6.43065476190476,8.55060267857143,"Hogg"
-0.956945034173819,18.1543121337891,322.385416666667,4.93908944974343,5.61226548215141,935.927083333333,123.899322916667,75.4251041666667,33.45296875,7.60208333333333,8.52703125,"Hogg"
-1.0609701325496,18.4537296295166,310.645833333333,8.13738108146936,6.24363773174246,949.784226190476,129.964322916667,76.7865327380952,32.6536830357143,8.7735119047619,8.50345982142857,"Hogg"
-0.507620579723654,21.048791885376,307.947916666667,10.0846500694752,6.66351173512557,963.641369047619,136.029322916667,78.1479613095238,31.8543973214286,9.94494047619047,8.47988839285714,"Hogg"
-1.66534328227863,23.1389802296956,305.46875,11.4730191975832,7.47117590376708,977.498511904762,142.094322916667,79.5093898809524,31.0551116071429,11.116369047619,8.45631696428571,"Hogg"
0.467055447399616,23.1653970082601,295.708333333333,14.0801408588886,8.26007548205405,991.355654761905,148.159322916667,80.870818452381,30.2558258928571,12.2877976190476,8.43274553571429,"Hogg"
1.94760933765319,24.9495207468669,291.697916666667,16.1320292254289,8.06644591687095,1005.21279761905,154.224322916667,82.2322470238095,29.4565401785714,13.4592261904762,8.40917410714286,"Hogg"
4.47715726656758,24.5488319396973,290.208333333333,12.6398463745912,7.88604323142797,1019.06994047619,160.289322916667,83.5936755952381,28.6572544642857,14.6306547619048,8.38560267857143,"Hogg"
3.02513792565683,22.9313767751058,285.697916666667,11.2076041499774,7.8875807466225,1032.92708333333,166.354322916667,84.9551041666667,27.85796875,15.8020833333333,8.36203125,"Hogg"
-1.43290454009548,17.8051071166992,281.333333333333,5.2732649606963,4.58616164523035,1045.59523809524,171.112485119048,86.1665104166667,29.3090178571429,16.2289955357143,8.36328869047619,"Hogg"
2.55437900366322,12.1468753814697,278.270833333333,4.2345770187676,5.04863214309552,1057.02380952381,174.508199404762,87.2215104166667,33.1061607142857,15.8797098214286,8.39043154761905,"Hogg"
-1.53536020384894,13.0783556600412,273.302083333333,5.43333046743646,7.64705231607905,1068.45238095238,177.903913690476,88.2765104166667,36.9033035714286,15.5304241071429,8.4175744047619,"Hogg"
1.44206124642178,17.7499370574951,278.65625,6.63771059115728,8.93911040784319,1079.88095238095,181.29962797619,89.3315104166667,40.7004464285714,15.1811383928571,8.44471726190476,"Hogg"
-2.03127028473786,20.54563164711,278.583333333333,10.3016914122916,7.16736556034807,1091.30952380952,184.695342261905,90.3865104166667,44.4975892857143,14.8318526785714,8.47186011904762,"Hogg"
-3.48323287069798,22.8922322591146,274.510416666667,14.0139723519484,8.11244105625647,1102.7380952381,188.091056547619,91.4415104166667,48.2947321428571,14.4825669642857,8.49900297619048,"Hogg"
-4.97710452348955,23.5615680615107,272.875,14.8818734465761,8.50069434016704,1114.16666666667,191.486770833333,92.4965104166667,52.091875,14.13328125,8.52614583333333,"Hogg"
0.653286368616166,20.1672089894613,262.625,8.85976277415951,8.64402643322137,1125.59523809524,194.882485119048,93.5515104166667,55.8890178571429,13.7839955357143,8.55328869047619,"Hogg"
-1.54006672302882,18.6809399922689,254.3125,7.68754211316506,8.26071687039837,1137.02380952381,198.278199404762,94.6065104166667,59.6861607142857,13.4347098214286,8.58043154761905,"Hogg"
2.09546510097773,18.6214416027069,266.6875,6.52597737830618,10.5039227715939,1148.45238095238,201.673913690476,95.6615104166667,63.4833035714286,13.0854241071429,8.60757440476191,"Hogg"
0.189762194752693,20.6764812469482,277.145833333333,10.6178139013549,8.41092996845198,1159.88095238095,205.06962797619,96.7165104166667,67.2804464285714,12.7361383928571,8.63471726190476,"Hogg"
3.64721233362243,22.8511892954508,275.447916666667,10.6231714785099,10.5783695201032,1171.30952380952,208.465342261905,97.7715104166667,71.0775892857143,12.3868526785714,8.66186011904762,"Hogg"
3.92841225663821,22.384604771932,275.333333333333,9.31542128448685,6.57344994598429,1182.7380952381,211.861056547619,98.8265104166667,74.8747321428571,12.0375669642857,8.68900297619048,"Hogg"
3.87010007159364,24.2577684720357,266.666666666667,8.61353292617392,10.672281492279,1194.16666666667,215.256770833333,99.8815104166667,78.671875,11.68828125,8.71614583333333,"Hogg"
5.48291932774145,18.5920213063558,269.1875,3.51256000250578,7.98105689263353,1209.09226190476,215.507611607143,101.156822916667,79.1471949404762,11.9111086309524,8.74573660714286,"Hogg"
6.60989097754161,18.1904996236165,314.760416666667,1.60284811258316,3.3902200478586,1227.66369047619,212.479754464286,102.661822916667,76.159337797619,12.7303943452381,8.77787946428571,"Hogg"
7.10351120798211,21.4729385375977,284.947916666667,4.9311344002684,7.78208532340501,1246.23511904762,209.451897321429,104.166822916667,73.1714806547619,13.5496800595238,8.81002232142857,"Hogg"
0.976726113395257,22.685312906901,266.96875,5.5842309097449,10.8119632995805,1264.80654761905,206.424040178571,105.671822916667,70.1836235119048,14.3689657738095,8.84216517857143,"Hogg"
1.72573261005538,20.9318758646647,238.40625,10.8599338630835,11.7020491029562,1283.37797619048,203.396183035714,107.176822916667,67.1957663690476,15.1882514880952,8.87430803571429,"Hogg"
2.84050455093384,19.0045827229818,233.75,11.8243396182855,11.3526207310392,1301.9494047619,200.368325892857,108.681822916667,64.2079092261905,16.007537202381,8.90645089285714,"Hogg"
2.9028304024703,19.5199387868245,225.96875,12.2416924784581,10.5891814637573,1320.52083333333,197.34046875,110.186822916667,61.2200520833333,16.8268229166667,8.93859375,"Hogg"
-1.92292552471161,19.0389385223389,242.5,8.90506122012933,9.19016683973497,1339.09226190476,194.312611607143,111.691822916667,58.2321949404762,17.6461086309524,8.97073660714286,"Hogg"
5.89792861179872,20.8304576873779,225.552083333333,10.8775627973179,11.6726771462624,1357.66369047619,191.284754464286,113.196822916667,55.244337797619,18.4653943452381,9.00287946428571,"Hogg"
-1.27498091906309,21.7980429331462,214.520833333333,12.1210521608591,9.08741260808498,1376.23511904762,188.256897321429,114.701822916667,52.2564806547619,19.2846800595238,9.03502232142857,"Hogg"
4.91774562481911,19.294729868571,207.03125,10.4369795933987,11.9916558039604,1394.80654761905,185.229040178571,116.206822916667,49.2686235119048,20.1039657738095,9.06716517857143,"Hogg"
2.87492905608539,20.2410818735758,207.15625,10.7218938594063,10.0521661495362,1413.37797619048,182.201183035714,117.711822916667,46.2807663690476,20.9232514880952,9.09930803571429,"Hogg"
0.701717757752964,17.9027296702067,197.9375,8.36871537317832,8.34438760531872,1431.9494047619,179.173325892857,119.216822916667,43.2929092261905,21.742537202381,9.13145089285714,"Hogg"
-1.76792158121648,18.0735626220703,193.09375,10.0293938691417,9.93330659604764,1450.52083333333,176.14546875,120.721822916667,40.3050520833333,22.5618229166667,9.16359375,"Hogg"
6.15283133685589,19.6796468098958,193.197916666667,10.262394604894,8.61671963608575,1450.0859375,174.566953125,120.473764880952,39.3064769345238,22.8556808035714,9.16618675595238,"Hogg"
-0.412751274108887,22.3038323720296,182.302083333333,13.2263574401538,8.68696158600412,1429.8359375,174.499453125,118.398050595238,40.381834077381,22.6017522321429,9.1379724702381,"Hogg"
4.97439360405718,20.5876032511393,184.083333333333,7.1363943417867,7.38776147114874,1409.5859375,174.431953125,116.322336309524,41.4571912202381,22.3478236607143,9.10975818452381,"Hogg"
0.109812042713165,17.8108952840169,210.604166666667,5.37465166300535,6.18808340466151,1389.3359375,174.364453125,114.24662202381,42.5325483630952,22.0938950892857,9.08154389880952,"Hogg"
3.89243674199832,18.692094484965,156.4375,8.31937576354818,10.6738884779967,1369.0859375,174.296953125,112.170907738095,43.6079055059524,21.8399665178571,9.05332961309524,"Hogg"
7.90750826861371,20.8097305297852,145.25,11.1725727319717,9.52964354366648,1348.8359375,174.229453125,110.095193452381,44.6832626488095,21.5860379464286,9.02511532738095,"Hogg"
0.812038629658912,23.2647094726562,157.927083333333,15.847359230121,7.66332276127417,1328.5859375,174.161953125,108.019479166667,45.7586197916667,21.332109375,8.99690104166667,"Hogg"
2.80498914172252,16.6588961283366,219.625,1.39504817749063,2.85065568846448,1308.3359375,174.094453125,105.943764880952,46.8339769345238,21.0781808035714,8.96868675595238,"Hogg"
-1.96091196482832,15.7955004374186,202.458333333333,4.19136911196013,3.88385320285164,1288.0859375,174.026953125,103.868050595238,47.909334077381,20.8242522321429,8.9404724702381,"Hogg"
2.79788024950287,15.148167292277,160.78125,6.22742646684249,8.82311151195663,1267.8359375,173.959453125,101.792336309524,48.9846912202381,20.5703236607143,8.91225818452381,"Hogg"
1.90904510491773,13.046197116375,134.1875,6.69413004451328,9.60041796970647,1247.5859375,173.891953125,99.7166220238095,50.0600483630952,20.3163950892857,8.88404389880952,"Hogg"
2.48073893090089,14.3935202658176,129.916666666667,8.34494508073685,9.01420821405135,1227.3359375,173.824453125,97.6409077380952,51.1354055059524,20.0624665178571,8.85582961309524,"Hogg"
-0.602088455110788,21.0833981831868,129.052083333333,15.9975711032748,7.14156154839016,1207.0859375,173.756953125,95.565193452381,52.2107626488095,19.8085379464286,8.82761532738095,"Hogg"
5.61215390120783,23.3609997431437,129.4375,16.6973511477311,6.8289883529869,1186.8359375,173.689453125,93.4894791666667,53.2861197916667,19.554609375,8.79940104166667,"Hogg"
1.52005072381045,22.6354592641195,132.520833333333,14.5718616743883,6.43105333665803,1166.5859375,173.621953125,91.4137648809524,54.3614769345238,19.3006808035714,8.77118675595238,"Hogg"
1.88758160113249,19.9940926233927,111.635416666667,10.0146142345794,4.1198611223883,1146.3359375,173.554453125,89.3380505952381,55.436834077381,19.0467522321429,8.7429724702381,"Hogg"
-1.77780225447246,14.1934986114502,172.020833333333,4.81195411582788,1.60779079288776,1126.0859375,173.486953125,87.2623363095238,56.5121912202381,18.7928236607143,8.71475818452381,"Hogg"
1.78553526848555,13.1722298463186,203.052083333333,3.14045242109197,1.35437563201717,1105.8359375,173.419453125,85.1866220238095,57.5875483630952,18.5388950892857,8.68654389880952,"Hogg"
3.23326337834199,11.5418993631999,224.333333333333,0.889795333147049,2.68414464993037,1085.5859375,173.351953125,83.1109077380952,58.6629055059524,18.2849665178571,8.65832961309524,"Hogg"
-1.65466023059118,13.1957511901855,212.427083333333,4.17206145077944,6.19228436052427,1065.3359375,173.284453125,81.035193452381,59.7382626488095,18.0310379464286,8.63011532738095,"Hogg"
-0.185951020036425,12.0690434078375,228.739583333333,0.979774081458648,1.1711279325707,1045.0859375,173.216953125,78.9594791666667,60.8136197916667,17.777109375,8.60190104166667,"Hogg"
-0.692097456047409,13.532647450765,232.947916666667,3.41277702649434,4.60305509095793,1024.8359375,173.149453125,76.8837648809524,61.8889769345238,17.5231808035714,8.57368675595238,"Hogg"
1.0044773831254,11.9951260884603,249.958333333333,2.51717171880106,3.83649147125573,1004.5859375,173.081953125,74.8080505952381,62.964334077381,17.2692522321429,8.5454724702381,"Hogg"
1.90884998621363,11.7300624450048,241.21875,4.53939089799921,5.47855638415177,984.3359375,173.014453125,72.7323363095238,64.0396912202381,17.0153236607143,8.51725818452381,"Hogg"
0.93313009312024,10.9903963704904,238.645833333333,3.40923316590488,7.36117693505055,964.0859375,172.946953125,70.6566220238095,65.1150483630952,16.7613950892857,8.48904389880952,"Hogg"
1.91606965272323,11.7590637405713,264.71875,0.888844935817921,2.99639969263216,943.8359375,172.879453125,68.5809077380952,66.1904055059524,16.5074665178571,8.46082961309524,"Hogg"
2.27439412772655,15.5571689605713,266.270833333333,4.17335254310941,4.5806855672105,923.5859375,172.811953125,66.505193452381,67.2657626488095,16.2535379464286,8.43261532738095,"Hogg"
-1.27520987964593,15.181292851766,253.416666666667,5.37151158352693,6.29857382219955,903.3359375,172.744453125,64.4294791666667,68.3411197916667,15.999609375,8.40440104166667,"Hogg"
4.03407856208437,15.7227324545383,249.520833333333,7.15147079589466,5.40222673125492,905.691506410256,171.712379807692,64.7833894230769,85.3445192307692,15.3713782051282,8.40092147435897,"Hogg"
1.66377696416208,18.5745595296224,250.895833333333,8.46851351112127,6.30052120917803,931.614583333333,169.6746875,67.6703125,118.95375,14.3529166666667,8.42322916666667,"Hogg"
-6.69217065970103,19.3429885705312,247.375,7.38372522851695,4.46906616250292,957.53766025641,167.636995192308,70.5572355769231,152.562980769231,13.3344551282051,8.44553685897436,"Hogg"
0.607383200433105,16.3773752848307,250.125,6.2664779368788,5.6329273427125,983.460737179487,165.599302884615,73.4441586538462,186.172211538462,12.3159935897436,8.46784455128205,"Hogg"
2.18900619190315,13.135914405187,239.145833333333,4.56276215364536,5.36083322883151,1009.38381410256,163.561610576923,76.3310817307692,219.781442307692,11.2975320512821,8.49015224358974,"Hogg"
0.717346407282047,13.5617713928223,237.8125,4.55765528852741,6.06431526409764,1035.30689102564,161.523918269231,79.2180048076923,253.390673076923,10.2790705128205,8.51245993589744,"Hogg"
1.91535023938526,13.8727682431539,230.020833333333,6.60833363297085,5.26644883717449,1061.22996794872,159.486225961538,82.1049278846154,286.999903846154,9.26060897435897,8.53476762820513,"Hogg"
0.879794682460752,15.2042916615804,225.208333333333,6.05227126677831,4.37802001599419,1087.15304487179,157.448533653846,84.9918509615385,320.609134615385,8.24214743589744,8.55707532051282,"Hogg"
0.0130360202694481,14.7920608520508,221.072916666667,7.44442747533321,5.03100843212328,1113.07612179487,155.410841346154,87.8787740384615,354.218365384615,7.2236858974359,8.57938301282051,"Hogg"
2.08205200044008,14.2560208638509,220.28125,7.16067306945721,5.0807289520108,1138.99919871795,153.373149038462,90.7656971153846,387.827596153846,6.20522435897436,8.60169070512821,"Hogg"
4.01780436265058,15.5651473999023,218.947916666667,8.1173304071029,3.78715503834426,1164.92227564103,151.335456730769,93.6526201923077,421.436826923077,5.18676282051282,8.6239983974359,"Hogg"
3.81202279776335,16.1395842234294,209.15625,8.58578014125427,4.74949177814493,1190.8453525641,149.297764423077,96.5395432692308,455.046057692308,4.16830128205128,8.64630608974359,"Hogg"
1.06681802484297,11.0242079297702,208.21875,5.68376970725755,3.08442816430449,1216.76842948718,147.260072115385,99.4264663461539,488.655288461538,3.14983974358974,8.66861378205128,"Hogg"
8.20207153260708,12.1506238778432,213.104166666667,5.68394954564671,3.01512863114767,1238.7037037037,146.081692708333,101.316417824074,499.79900462963,3.129375,8.67945601851852,"Hogg"
-2.5557944102165,13.9126040140788,200.291666666667,6.35005266219378,4.05147522158553,1256.48148148148,145.799192708333,102.16697337963,487.521226851852,4.149375,8.67834490740741,"Hogg"
-2.76465625964826,11.7156058649222,202,6.59536098813017,3.14860116394771,1274.25925925926,145.516692708333,103.017528935185,475.243449074074,5.169375,8.6772337962963,"Hogg"
5.6880538534373,14.9039554198583,189.625,9.19392987768701,2.53394585197807,1292.03703703704,145.234192708333,103.868084490741,462.965671296296,6.189375,8.67612268518518,"Hogg"
2.72946551050513,10.8893461426099,185.197916666667,6.93427715698878,2.42624284094233,1309.81481481481,144.951692708333,104.718640046296,450.687893518519,7.209375,8.67501157407407,"Hogg"
0.977704542439158,9.89195292194684,175.416666666667,5.81236148895101,2.74317523598542,1327.59259259259,144.669192708333,105.569195601852,438.410115740741,8.229375,8.67390046296296,"Hogg"
18.1362702136344,16.6932913462321,179.947916666667,10.3938841621081,2.11350650920139,1345.37037037037,144.386692708333,106.419751157407,426.132337962963,9.249375,8.67278935185185,"Hogg"
3.21059876048204,16.8190015157064,193.895833333333,9.73067446301381,1.80977606452055,1363.14814814815,144.104192708333,107.270306712963,413.854560185185,10.269375,8.67167824074074,"Hogg"
0.709227906806128,10.5968321164449,201.625,5.17310853550832,1.98238114957776,1380.92592592593,143.821692708333,108.120862268519,401.576782407407,11.289375,8.67056712962963,"Hogg"
1.35029130396636,9.64202094326417,190.375,6.31309658599397,1.72780337042823,1398.7037037037,143.539192708333,108.971417824074,389.29900462963,12.309375,8.66945601851852,"Hogg"
0.297934706721987,13.7884786824385,175.604166666667,10.1870318899552,1.49228740192394,1416.48148148148,143.256692708333,109.82197337963,377.021226851852,13.329375,8.66834490740741,"Hogg"
1.68507226778472,14.1161263386408,162.041666666667,9.84247643500566,1.47340651835415,1434.25925925926,142.974192708333,110.672528935185,364.743449074074,14.349375,8.6672337962963,"Hogg"
-0.0132389400686537,7.52223463108142,157.65625,5.1247116859923,1.65454943633945,1452.03703703704,142.691692708333,111.523084490741,352.465671296296,15.369375,8.66612268518518,"Hogg"
-5.15061110158761,14.4137520690759,179.59375,10.469122822086,1.56863134594262,1469.81481481481,142.409192708333,112.373640046296,340.187893518519,16.389375,8.66501157407407,"Hogg"
-0.0899680861404964,13.4667917490005,183.239583333333,7.40381857007742,1.59954448595787,1487.59259259259,142.126692708333,113.224195601852,327.910115740741,17.409375,8.66390046296296,"Hogg"
-0.3480262968101,15.4599577486515,174.09375,9.07410503178835,1.59221577022009,1505.37037037037,141.844192708333,114.074751157407,315.632337962963,18.429375,8.66278935185185,"Hogg"
4.54873659656732,19.6598358154297,180.770833333333,13.6837263181806,0.997108578159928,1523.14814814815,141.561692708333,114.925306712963,303.354560185185,19.449375,8.66167824074074,"Hogg"
-1.10165251174877,18.2097550630569,169.0625,10.1737052760226,1.33269596587796,1540.92592592593,141.279192708333,115.775862268519,291.076782407407,20.469375,8.66056712962963,"Hogg"
-2.979703159112,14.0637931426366,202.53125,7.20331557343404,1.65593209289472,1558.7037037037,140.996692708333,116.626417824074,278.79900462963,21.489375,8.65945601851852,"Hogg"
-1.82444442370359,11.8872933288415,191.604166666667,8.09188907717665,1.70987191685459,1576.48148148148,140.714192708333,117.47697337963,266.521226851852,22.509375,8.65834490740741,"Hogg"
-2.08534917944954,11.0673126503825,188.270833333333,6.27163825308283,1.22623869940851,1594.25925925926,140.431692708333,118.327528935185,254.243449074074,23.529375,8.6572337962963,"Hogg"
4.51070593059063,12.2956051627795,186.177083333333,8.71818812812368,1.21874861434398,1612.03703703704,140.149192708333,119.178084490741,241.965671296296,24.549375,8.65612268518518,"Hogg"
3.00002052783966,13.5057714680831,182.395833333333,11.0845372229815,1.2281771847969,1629.81481481481,139.866692708333,120.028640046296,229.687893518519,25.569375,8.65501157407407,"Hogg"
1.30075365747325,17.9958712061246,169.791666666667,14.0990008090405,1.32588321718073,1647.59259259259,139.584192708333,120.879195601852,217.410115740741,26.589375,8.65390046296296,"Hogg"
11.5756724424222,17.8348757227262,164.479166666667,12.6201334794362,1.23447739593409,1665.37037037037,139.301692708333,121.729751157407,205.132337962963,27.609375,8.65278935185185,"Hogg"
2.26002229821114,14.0793342590332,169.802083333333,6.83832266181707,1.1333780149738,1683.14814814815,139.019192708333,122.580306712963,192.854560185185,28.629375,8.65167824074074,"Hogg"
-2.53562790968201,9.68481183052063,183.302083333333,6.74756816029549,1.35559177865347,1700.92592592593,138.736692708333,123.430862268519,180.576782407407,29.649375,8.65056712962963,"Hogg"
-0.244006319592396,7.65933393935363,191.3125,3.67515327750395,1.12207454102864,1718.7037037037,138.454192708333,124.281417824074,168.29900462963,30.669375,8.64945601851852,"Hogg"
3.62064134556314,8.56504159669081,179.947916666667,6.66211007411281,1.56355299681133,1736.48148148148,138.171692708333,125.13197337963,156.021226851852,31.689375,8.64834490740741,"Hogg"
1.15409204889746,6.22833284425239,171.21875,6.61536074181398,0.77253700707449,1754.25925925926,137.889192708333,125.982528935185,143.743449074074,32.709375,8.6472337962963,"Hogg"
8.24463620980581,3.56622143027683,159.3125,4.96531629055104,1.20617841554219,1772.03703703704,137.606692708333,126.833084490741,131.465671296296,33.729375,8.64612268518519,"Hogg"
-0.497854017549091,4.19816797226667,211.364583333333,1.50001208786853,5.27712231682152,1789.81481481481,137.324192708333,127.683640046296,119.187893518519,34.749375,8.64501157407407,"Hogg"
-46.6697915395101,5.49572960535685,235.302083333333,1.1986136752336,-1.83883669637489,1807.59259259259,137.041692708333,128.534195601852,106.910115740741,35.769375,8.64390046296296,"Hogg"
0.017447728303171,4.83307468394438,190.833333333333,2.62916581808253,0.558638566604644,1825.37037037037,136.759192708333,129.384751157407,94.632337962963,36.789375,8.64278935185185,"Hogg"
-1.01808067245616,5.82210323478406,NA,4.71573859949907,0.979058083989216,1843.14814814815,136.476692708333,130.235306712963,82.3545601851852,37.809375,8.64167824074074,"Hogg"
0.0356743953576902,9.30333256721497,NA,4.81805191395131,1.45212710206841,1860.92592592593,136.194192708333,131.085862268519,70.0767824074074,38.829375,8.64056712962963,"Hogg"
-1.08281567769173,11.6302723884583,NA,5.96743198980888,1.74452792541001,1870,136.05,131.52,63.81,39.35,8.64,"Hogg"
-1.67474668092198,2.7733753787276,NA,2.44246594359477,0.499231158313707,NA,NA,NA,NA,NA,NA,"Hogg"
0.159067601896822,-0.131542637789001,NA,1.67416417536636,2.03384394307647,NA,NA,NA,NA,NA,NA,"Hogg"
-0.694514941228063,-1.94456271190817,NA,1.55799438338727,2.23155893422459,NA,NA,NA,NA,NA,NA,"Hogg"
-0.12539946615696,-0.885397400086125,NA,1.39522818848491,1.7759960030615,NA,NA,NA,NA,NA,NA,"Hogg"
-2.12177737449345,1.18508428893983,NA,1.37577239920696,-0.837623143258273,NA,NA,NA,NA,NA,NA,"Hogg"
0.761469606487524,1.13868430221919,NA,1.40719793958867,2.0069115097661,NA,NA,NA,NA,NA,NA,"Hogg"
-1.61153214852861,3.75208243215457,NA,2.34059374655286,2.10463143185341,NA,NA,NA,NA,NA,NA,"Hogg"
-4.47396146853765,4.91652059555054,NA,1.7540676034987,2.52266047178739,NA,NA,NA,NA,NA,NA,"Hogg"
0.964949203485792,5.79924865641321,NA,1.15730723179877,0.88782129500556,NA,NA,NA,NA,NA,NA,"Hogg"
3.89798437997147,3.51787408286085,NA,2.91906821215525,0.348237916136451,NA,NA,NA,NA,NA,NA,"Hogg"
1.00073079782582,4.32648122000198,NA,3.90175877387325,0.755463781347876,NA,NA,NA,NA,NA,NA,"Hogg"
1.78983542363386,2.47506354625026,NA,1.98647590066927,0.208911571317583,NA,NA,NA,NA,NA,NA,"Hogg"
-0.607333559780679,-0.427039847243577,NA,1.79577818140388,1.46079599481493,NA,NA,NA,NA,NA,NA,"Hogg"
-0.359019710766998,-0.772956585977226,NA,1.48099431519707,1.94541998098969,NA,NA,NA,NA,NA,NA,"Hogg"
0.829207487012211,-3.62230418622494,NA,1.42356606620423,2.0439851637902,NA,NA,NA,NA,NA,NA,"Hogg"
0.427823683794807,-1.98699928245818,NA,2.22114642895758,2.05587300142837,NA,NA,NA,NA,NA,NA,"Hogg"
-0.535688502093156,1.94014640152454,NA,2.86119479996463,-0.633590446064293,NA,NA,NA,NA,NA,NA,"Hogg"
-1.13521206575005,6.64950146277746,NA,3.13012794405222,0.694784170816764,NA,NA,NA,NA,NA,NA,"Hogg"
0.865971334851705,4.75283590285107,NA,3.40398895399024,2.26812204634472,NA,NA,NA,NA,NA,NA,"Hogg"
-1.13044154451739,1.60970775488143,NA,1.98145186870048,2.18019142393148,NA,NA,NA,NA,NA,NA,"Hogg"
0.40915539099815,0.590271232804904,NA,3.02494053542614,1.55657339522384,NA,NA,NA,NA,NA,NA,"Hogg"
-1.18139113928821,-0.631124300144923,NA,2.51075747112433,1.1926011376778,NA,NA,NA,NA,NA,NA,"Hogg"
0.768355417996645,0.529298805166036,NA,1.97268029147799,-0.19184769623488,NA,NA,NA,NA,NA,NA,"Hogg"
-2.1830368782911,-2.13997880617777,NA,0.734674860102435,-0.203740476152913,NA,NA,NA,NA,NA,NA,"Hogg"
-5.81284122259879,-6.30268843968709,NA,0.740017205476761,0.766707851838288,NA,NA,NA,NA,NA,NA,"Hogg"
-2.98898680226223,-5.9517076810201,NA,0.50648193495969,0.550810011111079,NA,NA,NA,NA,NA,NA,"Hogg"
-1.77341865375638,-4.91631921132406,NA,0.454426660182628,0.516121824795954,NA,NA,NA,NA,NA,NA,"Hogg"
1.36095232606837,-3.66738686462243,NA,0.438388752666387,1.04775276926812,NA,NA,NA,NA,NA,NA,"Hogg"
-5.62051838557971,-0.178348057049637,NA,1.43898914237657,-0.473624304238502,NA,NA,NA,NA,NA,NA,"Hogg"
-0.419430710051371,-4.9814195583264,NA,0.678586021382758,-0.169518482819471,NA,NA,NA,NA,NA,NA,"Hogg"
-1.22768914953191,-8.06087387601534,NA,0.596378543103735,0.694120466426169,NA,NA,NA,NA,NA,NA,"Hogg"
-0.486249640938782,-5.51202266166608,NA,0.847261038163434,0.571886654494079,NA,NA,NA,NA,NA,NA,"Hogg"
-0.746802864330156,-5.28041610804697,NA,0.937300453272959,0.822781136646336,NA,NA,NA,NA,NA,NA,"Hogg"
-1.7439357282185,-12.4300200541814,NA,0.649309712772568,0.667451646988124,NA,NA,NA,NA,NA,NA,"Hogg"
-0.45564622990787,-7.69212432702382,NA,0.80110464990139,0.68751256581945,NA,NA,NA,NA,NA,NA,"Hogg"
-0.083440930582583,-2.10537506500259,NA,1.3169201867034,0.22265418969664,NA,NA,NA,NA,NA,NA,"Hogg"
-2.06948963417248,-15.3962701757749,NA,0.473803499092658,0.804656541648673,NA,NA,NA,NA,NA,NA,"Hogg"
-0.403220440996321,-14.574771652619,NA,0.475485476665199,0.536755372064472,NA,NA,NA,NA,NA,NA,"Hogg"
-0.20469202141504,-4.41114785584311,NA,0.6390392507116,0.517294785516903,NA,NA,NA,NA,NA,NA,"Hogg"
-2.27703855186701,-3.2038736709704,NA,1.48846553141872,0.167163993245789,NA,NA,NA,NA,NA,NA,"Hogg"
-0.319608600389573,-7.01589484016101,NA,1.1132045040528,0.506563137501265,NA,NA,NA,NA,NA,NA,"Hogg"
-1.39435251760814,-2.69285309299206,NA,1.00975938948492,0.55204858093822,NA,NA,NA,NA,NA,NA,"Hogg"
1.33620052154248,-5.58459268261989,NA,0.423176999688148,0.492206561959692,NA,NA,NA,NA,NA,NA,"Hogg"
NA,1.17307112381813,NA,NA,0.92185843325562,NA,NA,NA,NA,NA,NA,"Hogg"
0.145614978339937,-3.20897830696777,NA,0.567433629184961,0.376473344535231,NA,NA,NA,NA,NA,NA,"Hogg"
-0.282997771287742,-5.30516911546389,NA,1.32942519860065,-0.291563644510042,NA,NA,NA,NA,NA,NA,"Hogg"
0.0287699335813522,-9.91390891869863,NA,0.468075153675485,0.310491906570185,NA,NA,NA,NA,NA,NA,"Hogg"
-3.06613319145667,-12.2995397249858,NA,0.437406893819571,0.933267329849051,NA,NA,NA,NA,NA,NA,"Hogg"
-1.37387878116634,-22.4160413742065,NA,0.26858506227533,0.416139176120955,NA,NA,NA,NA,NA,NA,"Hogg"
1.58841294571757,-19.7929369608561,NA,0.299382978429397,-0.818722864052402,NA,NA,NA,NA,NA,NA,"Hogg"
-1.60399475009055,-15.719643274943,NA,0.310873958592614,0.76873760030178,NA,NA,NA,NA,NA,NA,"Hogg"
-1.36177441623153,-5.80443737904231,NA,0.833371515075366,0.10832171185369,NA,NA,NA,NA,NA,NA,"Hogg"
4.93300911156755,-13.5431442260742,NA,0.462744977946083,1.10797704084248,NA,NA,NA,NA,NA,NA,"Hogg"
1.3397518271773,-12.1736851632595,NA,0.543510018537442,0.745117500287991,NA,NA,NA,NA,NA,NA,"Hogg"
-0.21913411948416,-1.68083359433028,NA,1.22230859224995,0.551574441224925,NA,NA,NA,NA,NA,NA,"Hogg"
8.22900842390088,-6.90108522772789,NA,0.508071161806583,-0.727046709524676,NA,NA,NA,NA,NA,NA,"Hogg"
2.40683949110763,-4.00058092921972,NA,0.840263810629646,1.09000781338423,NA,NA,NA,NA,NA,NA,"Hogg"
17.0507953514655,-9.01085368792216,NA,0.43659904319793,-1.52042819819382,NA,NA,NA,NA,NA,NA,"Hogg"
-4.7724712908268,-20.6205835342407,NA,0.328875040014585,1.26012446871453,NA,NA,NA,NA,NA,NA,"Hogg"
0.250954467337579,-20.0008507992359,NA,0.315217873517503,1.04623266131166,NA,NA,NA,NA,NA,NA,"Hogg"
7.66100247669965,-21.4901250203451,NA,0.262988373016318,0.297258761417862,NA,NA,NA,NA,NA,NA,"Hogg"
-1.26850085291598,-13.5481040080388,NA,0.523439587404331,1.09035653746226,NA,NA,NA,NA,NA,NA,"Hogg"
-2.49245259662469,-20.5674374898275,NA,0.36474493270119,0.859345021030725,NA,NA,NA,NA,NA,NA,"Hogg"
-0.13807972577902,-16.8170626958211,NA,0.367357084527612,1.02398999891362,NA,NA,NA,NA,NA,NA,"Hogg"
-0.776499056472228,-12.8616870244344,NA,0.528481082990766,1.26108610684812,NA,NA,NA,NA,NA,NA,"Hogg"
-0.513946560521921,-12.0267702738444,NA,0.403902331367135,1.03988064040833,NA,NA,NA,NA,NA,NA,"Hogg"
-4.54970157146454,-14.8701849679152,NA,0.429660400375724,0.75954325697726,NA,NA,NA,NA,NA,NA,"Hogg"
-0.317237431887628,-22.9826021194458,NA,0.287494561634958,0.720055470348157,NA,NA,NA,NA,NA,NA,"Hogg"
-4.21556137611226,-19.7185627619425,NA,0.334829041113456,1.38162546777047,NA,NA,NA,NA,NA,NA,"Hogg"
-2.83248668257147,-22.1695826848348,NA,0.333948705034951,1.79929984159579,NA,NA,NA,NA,NA,NA,"Hogg"
-0.127883835385243,-28.7917287349701,NA,0.199511458476384,0.81132641538763,NA,NA,NA,NA,NA,NA,"Hogg"
11.1145745532853,-33.1166175274139,NA,0.129119025265917,-1.09160902915084,NA,NA,NA,NA,NA,NA,"Hogg"
33.6325041270918,-30.2705207268397,NA,0.191788716552158,-1.68715196949409,NA,NA,NA,NA,NA,NA,"Hogg"
5.6839927026341,-33.2952712774277,NA,0.154456490650773,0.163394769606024,NA,NA,NA,NA,NA,NA,"Hogg"
NA,NA,NA,NA,NA,NA,NA,NA,NA,NA,NA,"Young"
NA,NA,NA,NA,NA,NA,NA,NA,NA,NA,NA,"Young"
NA,NA,NA,NA,NA,NA,NA,NA,NA,NA,NA,"Young"
NA,NA,NA,NA,NA,NA,NA,NA,NA,NA,NA,"Young"
NA,NA,NA,NA,NA,NA,NA,NA,NA,NA,NA,"Young"
NA,NA,NA,NA,NA,NA,NA,NA,NA,NA,NA,"Young"
NA,NA,NA,NA,NA,NA,NA,NA,NA,NA,NA,"Young"
NA,NA,NA,NA,NA,NA,NA,NA,NA,NA,NA,"Young"
NA,NA,NA,NA,NA,NA,NA,NA,NA,NA,NA,"Young"
NA,NA,NA,NA,NA,NA,NA,NA,NA,NA,NA,"Young"
NA,NA,NA,NA,NA,NA,NA,NA,NA,NA,NA,"Young"
NA,NA,NA,NA,NA,NA,NA,NA,NA,NA,NA,"Young"
NA,NA,NA,NA,NA,NA,NA,NA,NA,NA,NA,"Young"
NA,NA,NA,NA,NA,NA,NA,NA,NA,NA,NA,"Young"
NA,NA,NA,NA,NA,NA,NA,NA,NA,NA,NA,"Young"
NA,NA,NA,NA,NA,NA,NA,NA,NA,NA,NA,"Young"
NA,NA,NA,NA,NA,NA,NA,NA,NA,NA,NA,"Young"
NA,NA,NA,NA,NA,NA,NA,NA,NA,NA,NA,"Young"
NA,NA,NA,NA,NA,NA,NA,NA,NA,NA,NA,"Young"
NA,NA,NA,NA,NA,NA,NA,NA,NA,NA,NA,"Young"
NA,NA,NA,NA,NA,NA,NA,NA,NA,NA,NA,"Young"
NA,NA,NA,NA,NA,NA,NA,NA,NA,NA,NA,"Young"
NA,NA,NA,NA,NA,NA,NA,NA,NA,NA,NA,"Young"
NA,NA,NA,NA,NA,NA,NA,NA,NA,NA,NA,"Young"
NA,NA,NA,NA,NA,NA,NA,NA,NA,NA,NA,"Young"
NA,NA,NA,NA,NA,NA,NA,NA,NA,NA,NA,"Young"
NA,NA,NA,NA,NA,NA,NA,NA,NA,NA,NA,"Young"
NA,NA,NA,NA,NA,NA,NA,NA,NA,NA,NA,"Young"
NA,NA,NA,NA,NA,NA,NA,NA,NA,NA,NA,"Young"
NA,NA,NA,NA,NA,NA,NA,NA,NA,NA,NA,"Young"
NA,NA,NA,NA,NA,NA,NA,NA,NA,NA,NA,"Young"
NA,NA,NA,NA,NA,NA,NA,NA,NA,NA,NA,"Young"
NA,NA,NA,NA,NA,NA,NA,NA,NA,NA,NA,"Young"
NA,NA,NA,NA,NA,NA,NA,NA,NA,NA,NA,"Young"
NA,NA,NA,NA,NA,NA,NA,NA,NA,NA,NA,"Young"
NA,NA,NA,NA,NA,NA,NA,NA,NA,NA,NA,"Young"
NA,NA,NA,NA,NA,NA,NA,NA,NA,NA,NA,"Young"
NA,NA,NA,NA,NA,NA,NA,NA,NA,NA,NA,"Young"
NA,NA,NA,NA,NA,NA,NA,NA,NA,NA,NA,"Young"
NA,NA,NA,NA,NA,NA,NA,NA,NA,NA,NA,"Young"
NA,NA,NA,NA,NA,NA,NA,NA,NA,NA,NA,"Young"
NA,NA,NA,NA,NA,NA,NA,NA,NA,NA,NA,"Young"
NA,NA,NA,NA,NA,NA,NA,NA,NA,NA,NA,"Young"
NA,NA,NA,NA,NA,NA,NA,NA,NA,NA,NA,"Young"
NA,NA,NA,NA,NA,NA,NA,NA,NA,NA,NA,"Young"
NA,NA,NA,NA,NA,NA,NA,NA,NA,NA,NA,"Young"
NA,NA,NA,NA,NA,NA,NA,NA,NA,NA,NA,"Young"
NA,NA,NA,NA,NA,NA,NA,NA,NA,NA,NA,"Young"
NA,NA,NA,NA,NA,NA,NA,NA,NA,NA,NA,"Young"
NA,NA,NA,NA,NA,NA,NA,NA,NA,NA,NA,"Young"
NA,NA,NA,NA,NA,NA,NA,NA,NA,NA,NA,"Young"
NA,NA,NA,NA,NA,NA,NA,NA,NA,NA,NA,"Young"
NA,NA,NA,NA,NA,NA,NA,NA,NA,NA,NA,"Young"
NA,NA,NA,NA,NA,NA,NA,NA,NA,NA,NA,"Young"
NA,NA,NA,NA,NA,NA,NA,NA,NA,NA,NA,"Young"
NA,NA,NA,NA,NA,NA,NA,NA,NA,NA,NA,"Young"
NA,NA,NA,NA,NA,NA,NA,NA,NA,NA,NA,"Young"
NA,NA,NA,NA,NA,NA,NA,NA,NA,NA,NA,"Young"
NA,NA,NA,NA,NA,NA,NA,NA,NA,NA,NA,"Young"
NA,NA,NA,NA,NA,NA,NA,NA,NA,NA,NA,"Young"
NA,NA,NA,NA,NA,NA,NA,NA,NA,NA,NA,"Young"
NA,NA,NA,NA,NA,NA,NA,NA,NA,NA,NA,"Young"
NA,NA,NA,NA,NA,NA,NA,NA,NA,NA,NA,"Young"
NA,NA,NA,NA,NA,NA,NA,NA,NA,NA,NA,"Young"
NA,NA,NA,NA,NA,NA,NA,NA,NA,NA,NA,"Young"
NA,NA,NA,NA,NA,NA,NA,NA,NA,NA,NA,"Young"
NA,NA,NA,NA,NA,NA,NA,NA,NA,NA,NA,"Young"
NA,NA,NA,NA,NA,NA,NA,NA,NA,NA,NA,"Young"
NA,NA,NA,NA,NA,NA,NA,NA,NA,NA,NA,"Young"
NA,NA,NA,NA,NA,NA,NA,NA,NA,NA,NA,"Young"
NA,NA,NA,NA,NA,NA,NA,NA,NA,NA,NA,"Young"
NA,NA,NA,NA,NA,NA,NA,NA,NA,NA,NA,"Young"
NA,NA,NA,NA,NA,NA,NA,NA,NA,NA,NA,"Young"
NA,NA,NA,NA,NA,NA,NA,NA,NA,NA,NA,"Young"
NA,NA,NA,NA,NA,NA,NA,NA,NA,NA,NA,"Young"
NA,NA,NA,NA,NA,NA,NA,NA,NA,NA,NA,"Young"
NA,NA,NA,NA,NA,NA,NA,NA,NA,NA,NA,"Young"
NA,NA,NA,NA,NA,NA,NA,NA,NA,NA,NA,"Young"
NA,NA,NA,NA,NA,NA,NA,NA,NA,NA,NA,"Young"
NA,NA,NA,NA,NA,NA,NA,NA,NA,NA,NA,"Young"
NA,NA,NA,NA,NA,NA,NA,NA,NA,NA,NA,"Young"
NA,NA,NA,NA,NA,NA,NA,NA,NA,NA,NA,"Young"
NA,NA,NA,NA,NA,NA,NA,NA,NA,NA,NA,"Young"
NA,NA,NA,NA,NA,NA,NA,NA,NA,NA,NA,"Young"
NA,NA,NA,NA,NA,NA,NA,NA,NA,NA,NA,"Young"
NA,NA,NA,NA,NA,NA,NA,NA,NA,NA,NA,"Young"
NA,NA,NA,NA,NA,NA,NA,NA,NA,NA,NA,"Young"
NA,NA,NA,NA,NA,NA,NA,NA,NA,NA,NA,"Young"
NA,NA,NA,NA,NA,NA,NA,NA,NA,NA,NA,"Young"
NA,NA,NA,NA,NA,NA,NA,NA,NA,NA,NA,"Young"
NA,NA,NA,NA,NA,NA,NA,NA,NA,NA,NA,"Young"
NA,NA,NA,NA,NA,NA,NA,NA,NA,NA,NA,"Young"
NA,NA,NA,NA,NA,NA,NA,NA,NA,NA,NA,"Young"
NA,NA,NA,NA,NA,NA,NA,NA,NA,NA,NA,"Young"
NA,NA,NA,NA,NA,NA,NA,NA,NA,NA,NA,"Young"
NA,NA,NA,NA,NA,NA,NA,NA,NA,NA,NA,"Young"
NA,NA,NA,NA,NA,NA,NA,NA,NA,NA,NA,"Young"
NA,NA,NA,NA,NA,NA,NA,NA,NA,NA,NA,"Young"
NA,NA,NA,NA,NA,NA,NA,NA,NA,NA,NA,"Young"
NA,NA,NA,NA,NA,NA,NA,NA,NA,NA,NA,"Young"
NA,NA,NA,NA,NA,NA,NA,NA,NA,NA,NA,"Young"
NA,NA,NA,NA,NA,NA,NA,NA,NA,NA,NA,"Young"
NA,NA,NA,NA,NA,NA,NA,NA,NA,NA,NA,"Young"
NA,NA,NA,NA,NA,NA,NA,NA,NA,NA,NA,"Young"
NA,NA,NA,NA,NA,NA,NA,NA,NA,NA,NA,"Young"
NA,NA,NA,NA,NA,NA,NA,NA,NA,NA,NA,"Young"
NA,NA,NA,NA,NA,NA,NA,NA,NA,NA,NA,"Young"
NA,NA,NA,NA,NA,NA,NA,NA,NA,NA,NA,"Young"
NA,NA,NA,NA,NA,NA,NA,NA,NA,NA,NA,"Young"
NA,NA,NA,NA,NA,NA,NA,NA,NA,NA,NA,"Young"
NA,NA,NA,NA,NA,NA,NA,NA,NA,NA,NA,"Young"
NA,NA,NA,NA,NA,NA,NA,NA,NA,NA,NA,"Young"
NA,-0.211695468425751,NA,NA,NA,NA,NA,NA,NA,NA,NA,"Young"
NA,0.925791870802641,NA,NA,NA,NA,NA,NA,NA,NA,NA,"Young"
NA,5.50721028447151,NA,NA,NA,NA,NA,NA,NA,NA,NA,"Young"
NA,5.23414995272954,NA,9.33298229288172,NA,NA,NA,NA,NA,NA,NA,"Young"
NA,8.41679231217131,NA,11.3610530743996,NA,NA,NA,NA,NA,NA,NA,"Young"
NA,3.04029333587581,NA,7.02059543132782,NA,NA,NA,NA,NA,NA,NA,"Young"
NA,2.02342241148775,NA,3.56120926141739,NA,NA,NA,NA,NA,NA,NA,"Young"
NA,4.30108347985273,NA,7.18244948539328,NA,NA,NA,NA,NA,NA,NA,"Young"
NA,10.4733350590104,NA,14.7689653635025,NA,NA,NA,NA,NA,NA,NA,"Young"
NA,7.16246005892754,NA,10.0042430758476,NA,NA,NA,NA,NA,NA,NA,"Young"
NA,4.17333302895228,NA,8.91356306274732,NA,NA,NA,NA,NA,NA,NA,"Young"
NA,3.24740405594154,NA,7.99192707589332,NA,NA,NA,NA,NA,NA,NA,"Young"
NA,3.17957767052576,NA,5.83038808437104,NA,NA,NA,NA,NA,NA,NA,"Young"
NA,3.99054496921599,NA,4.91207400616258,NA,NA,NA,NA,NA,NA,NA,"Young"
NA,5.14220973628107,NA,5.27764795223872,NA,NA,NA,NA,NA,NA,NA,"Young"
NA,5.04495719075203,NA,5.66568280259768,NA,NA,NA,NA,NA,NA,NA,"Young"
NA,4.19656332209706,NA,4.25503389288982,NA,NA,NA,NA,NA,NA,NA,"Young"
NA,5.70362512084345,NA,6.27594272668163,NA,NA,NA,NA,NA,NA,NA,"Young"
NA,10.6516016516834,NA,11.3540988552074,NA,NA,NA,NA,NA,NA,NA,"Young"
NA,14.4932701016466,NA,16.3606457859278,NA,137.790865384615,402.725024038462,17.9450320512821,13.3329326923077,2.90547275641026,9.10079326923077,"Young"
NA,15.7334803938866,NA,15.5047923326492,NA,139.40625,409.5165625,18.2004166666667,14.380625,2.71239583333333,9.0615625,"Young"
NA,14.811650911967,NA,14.9133138098615,NA,141.021634615385,416.308100961538,18.4558012820513,15.4283173076923,2.51931891025641,9.02233173076923,"Young"
NA,14.8504377106826,NA,16.7105220059554,NA,142.637019230769,423.099639423077,18.7111858974359,16.4760096153846,2.32624198717949,8.98310096153846,"Young"
NA,18.4435621698697,NA,22.7549209793409,NA,144.252403846154,429.891177884615,18.9665705128205,17.5237019230769,2.13316506410256,8.94387019230769,"Young"
NA,15.6277770289668,NA,16.8216075190791,NA,145.867788461538,436.682716346154,19.2219551282051,18.5713942307692,1.94008814102564,8.90463942307692,"Young"
NA,NA,NA,NA,NA,147.483173076923,443.474254807692,19.4773397435897,19.6190865384615,1.74701121794872,8.86540865384615,"Young"
NA,17.1963626861572,NA,22.3123560714722,NA,149.098557692308,450.265793269231,19.7327243589744,20.6667788461538,1.55393429487179,8.82617788461538,"Young"
NA,4.34807224075,NA,6.41435319312075,NA,150.713942307692,457.057331730769,19.988108974359,21.7144711538462,1.36085737179487,8.78694711538462,"Young"
NA,2.18577088912328,NA,2.89390532672405,NA,152.329326923077,463.848870192308,20.2434935897436,22.7621634615385,1.16778044871795,8.74771634615385,"Young"
NA,3.35808202375968,NA,5.63150310516357,NA,153.944711538462,470.640408653846,20.4988782051282,23.8098557692308,0.974703525641026,8.70848557692308,"Young"
NA,7.5386884311835,NA,6.79887396097183,NA,155.560096153846,477.431947115385,20.7542628205128,24.8575480769231,0.781626602564103,8.66925480769231,"Young"
NA,14.4290205637614,NA,12.4655926575263,NA,157.175480769231,484.223485576923,21.0096474358974,25.9052403846154,0.58854967948718,8.63002403846154,"Young"
NA,7.88575153797865,NA,5.81403123214841,NA,158.8272,493.604856,21.212192,25.790272,0.588512,8.63256,"Young"
1.78013800469009,3.35041581456123,NA,3.95748543490966,1.13114404672319,160.5168,505.686264,21.359648,24.463168,0.789728,8.67864,"Young"
6.13871158233711,5.30768812214956,NA,5.68631259848674,0.868638861706196,162.2064,517.767672,21.507104,23.136064,0.990944,8.72472,"Young"
34.5558426768281,10.6709695855776,NA,7.81491838031345,1.49797268003509,163.896,529.84908,21.65456,21.80896,1.19216,8.7708,"Young"
9.49153161360774,14.4520823160807,553.520833333333,8.71433032552401,2.06324699943541,165.5856,541.930488,21.802016,20.481856,1.393376,8.81688,"Young"
5.71732402740546,10.6298331518968,548.25,5.00845181196928,1.14831373436129,167.2752,554.011896,21.949472,19.154752,1.594592,8.86296,"Young"
10.5880076163693,14.9019793073336,543.291666666667,12.1138931332777,1.90106152714661,168.9648,566.093304,22.096928,17.827648,1.795808,8.90904,"Young"
8.85910703365279,18.4263750712077,538.854166666667,13.8343947529793,2.57252606777005,170.6544,578.174712,22.244384,16.500544,1.997024,8.95512,"Young"
13.205366389696,21.0481236126958,535.571428571429,16.0879943127535,3.46229223504018,172.3616,590.381968,22.393376,15.159616,2.200336,9.00168,"Young"
26.9197723979042,23.6999193827311,529.666666666667,17.6694351583719,3.59944554258952,174.0688,602.589224,22.542368,13.818688,2.403648,9.04824,"Young"
25.8880493799845,24.2675005594889,524.010416666667,18.1547656953335,3.16770350153446,175.7584,614.670632,22.689824,12.491584,2.604864,9.09432,"Young"
62.9596063256264,23.5525198380152,519.71875,19.3179660538832,3.17095629011329,177.448,626.75204,22.83728,11.16448,2.80608,9.1404,"Young"
38.0732596426299,18.9148546854655,512.895833333333,11.9414153595765,3.17513092490682,179.1376,638.833448,22.984736,9.837376,3.007296,9.18648,"Young"
31.1259034293039,14.4572499493758,509.9375,6.72893336166938,2.07237782332492,184.616071428571,636.026636904762,23.3369642857143,9.5792931547619,3.00124255952381,9.1953125,"Young"
32.9130306977492,19.8940823872884,503.34375,13.7434785713752,3.11130270187484,194.044642857143,617.69806547619,23.9026785714286,10.4357217261905,2.77909970238095,9.1653125,"Young"
23.3356555938721,16.3136266072591,525.947916666667,2.87453135102987,2.49881837427497,203.473214285714,599.369494047619,24.4683928571429,11.292150297619,2.5569568452381,9.1353125,"Young"
9.59032644828161,15.0701446533203,534.4375,2.05274824425578,2.68560887909514,212.901785714286,581.040922619048,25.0341071428571,12.1485788690476,2.33481398809524,9.1053125,"Young"
45.8886375427246,14.9739405314128,631.854166666667,1.90973231134315,3.04374434512304,222.330357142857,562.712351190476,25.5998214285714,13.0050074404762,2.11267113095238,9.0753125,"Young"
33.8735921553203,17.324249903361,759.875,8.93261211613814,2.7874893051142,231.758928571429,544.383779761905,26.1655357142857,13.8614360119048,1.89052827380952,9.0453125,"Young"
21.4430979797334,18.025458017985,792.239583333333,10.0990413961311,3.64199187556339,241.1875,526.055208333333,26.73125,14.7178645833333,1.66838541666667,9.0153125,"Young"
34.5900275147322,20.3133538564046,788.822916666667,13.7213151355584,3.91334273540242,250.616071428571,507.726636904762,27.2969642857143,15.5742931547619,1.44624255952381,8.9853125,"Young"
33.9830767144548,20.5902303059896,773.916666666667,12.9680233796438,3.85441287158252,260.044642857143,489.39806547619,27.8626785714286,16.4307217261905,1.22409970238095,8.9553125,"Young"
38.3404831318628,20.949977238973,750.8125,12.6547665496667,4.65673164515432,269.473214285714,471.069494047619,28.4283928571429,17.287150297619,1.0019568452381,8.9253125,"Young"
49.6899078051249,18.1217492421468,726.447916666667,11.784482528766,4.70069203960007,278.901785714286,452.740922619048,28.9941071428571,18.1435788690476,0.779813988095238,8.8953125,"Young"
54.0780238679477,13.9173755645752,707.927083333333,6.56172975401084,3.82797412531612,288.330357142857,434.412351190476,29.5598214285714,19.0000074404762,0.557671130952381,8.8653125,"Young"
41.9782332678636,15.1203117370605,694.739583333333,7.13398441431733,5.74743758015454,297.758928571429,416.083779761905,30.1255357142857,19.8564360119048,0.335528273809524,8.8353125,"Young"
9.94283491373062,12.0327523549398,681.9375,4.72283037565649,3.85598097183421,307.1875,397.755208333333,30.69125,20.7128645833333,0.113385416666667,8.8053125,"Young"
33.3856727144746,10.6758548617363,665.958333333333,5.92153555651506,3.81810408691613,312.489583333333,395.639538690476,31.1307217261905,21.9564136904762,0.39516369047619,8.75992559523809,"Young"
30.7559299546739,17.6098562876383,655.21875,11.8023166457812,5.72602293368746,313.489583333333,410.426681547619,31.4385788690476,23.603556547619,1.20230654761905,8.69849702380952,"Young"
59.5371189117432,19.1001440684001,644.989583333333,14.1073445777098,5.8430949148778,314.489583333333,425.213824404762,31.7464360119048,25.2506994047619,2.0094494047619,8.63706845238095,"Young"
12.0652930471632,16.62501146396,636.4375,10.6952769818934,5.3272713728764,315.489583333333,440.000967261905,32.0542931547619,26.8978422619048,2.81659226190476,8.57563988095238,"Young"
33.0410723005022,18.0916396776835,626.802083333333,10.8737367709478,7.29234955590184,316.489583333333,454.788110119048,32.362150297619,28.5449851190476,3.62373511904762,8.51421130952381,"Young"
24.9160334875709,18.7916673024495,615.833333333333,7.87760036687056,6.61912296833485,317.489583333333,469.57525297619,32.6700074404762,30.1921279761905,4.43087797619048,8.45278273809524,"Young"
27.8092913908117,17.5157915751139,618.291666666667,4.75712835788727,6.68834922518505,318.489583333333,484.362395833333,32.9778645833333,31.8392708333333,5.23802083333333,8.39135416666667,"Young"
38.0884017671858,17.8274377187093,610.03125,7.51519604834418,6.00247873218486,319.489583333333,499.149538690476,33.2857217261905,33.4864136904762,6.04516369047619,8.32992559523809,"Young"
58.3749870300293,20.9160213470459,601.583333333333,9.76448288559914,7.63551846686161,320.489583333333,513.936681547619,33.5935788690476,35.1335565476191,6.85230654761905,8.26849702380952,"Young"
50.8974304199219,22.45143699646,596.375,9.84384813408057,7.99621469946782,321.489583333333,528.723824404762,33.9014360119048,36.7806994047619,7.65944940476191,8.20706845238095,"Young"
71.7196916398548,22.579833984375,594.625,12.662201911211,8.62614372961056,322.489583333333,543.510967261905,34.2092931547619,38.4278422619048,8.46659226190476,8.14563988095238,"Young"
80.0350590158016,24.1433124542236,589.833333333333,13.3223665058613,8.76933902734857,323.489583333333,558.298110119048,34.517150297619,40.0749851190476,9.27373511904762,8.08421130952381,"Young"
77.5636674191089,23.9465827941895,586.40625,10.3760947883129,8.25376823246527,324.489583333333,573.08525297619,34.8250074404762,41.7221279761905,10.0808779761905,8.02278273809524,"Young"
115.199309682846,22.2773952484131,576.364583333333,9.07049331317345,9.13609019633905,325.489583333333,587.872395833333,35.1328645833333,43.3692708333333,10.8880208333333,7.96135416666667,"Young"
56.2248504863066,17.465248743693,570,4.67293430616458,8.38702339205316,325.615327380952,582.422961309524,35.1109523809524,43.1846726190476,10.9048363095238,7.97930803571429,"Young"
40.1725065994263,11.4312725067139,566.885416666667,4.62979717552662,7.00447369677807,324.829613095238,555.875818452381,34.7452380952381,41.0903869047619,10.097693452381,8.08002232142857,"Young"
102.231314394209,13.4266452590624,555.729166666667,5.34651980921626,5.96339500049812,324.043898809524,529.328675595238,34.3795238095238,38.9961011904762,9.29055059523809,8.18073660714286,"Young"
92.6363865164823,17.243418375651,552.239583333333,5.77549354483684,9.40901006425175,323.25818452381,502.781532738095,34.0138095238095,36.9018154761905,8.48340773809524,8.28145089285714,"Young"
69.6764203148919,20.609811147054,549.010416666667,9.00922056163351,10.4859453380817,322.472470238095,476.234389880952,33.6480952380952,34.8075297619048,7.67626488095238,8.38216517857143,"Young"
66.3012150526047,22.8697923024495,539.979166666667,12.0556282103062,10.7641286132185,321.686755952381,449.68724702381,33.282380952381,32.713244047619,6.86912202380952,8.48287946428571,"Young"
104.23643149099,23.6346035003662,534.947916666667,15.5909266024828,11.8015094897756,320.901041666667,423.140104166667,32.9166666666667,30.6189583333333,6.06197916666667,8.58359375,"Young"
90.1367724736532,19.7698351542155,522.9375,8.50971250236034,9.32705177813009,320.115327380952,396.592961309524,32.5509523809524,28.5246726190476,5.25483630952381,8.68430803571429,"Young"
59.0696610902485,18.2657305399577,520.34375,9.13727443168561,9.34890751597041,319.329613095238,370.045818452381,32.1852380952381,26.4303869047619,4.44769345238095,8.78502232142857,"Young"
105.935611009598,17.9750248988469,524.625,6.37783201621926,9.0951977791737,318.543898809524,343.498675595238,31.8195238095238,24.3361011904762,3.6405505952381,8.88573660714286,"Young"
78.5678308548466,20.6558586359024,523.208333333333,8.96581602477013,5.91316166728431,317.75818452381,316.951532738095,31.4538095238095,22.2418154761905,2.83340773809524,8.98645089285714,"Young"
86.1883101993137,22.8595415751139,519.416666666667,9.23238008220991,9.4415651391377,316.972470238095,290.404389880952,31.0880952380952,20.1475297619048,2.02626488095238,9.08716517857143,"Young"
92.8580052587721,22.6340223948161,519.614583333333,7.1411066899697,8.79079567126046,316.186755952381,263.85724702381,30.722380952381,18.053244047619,1.21912202380952,9.18787946428571,"Young"
79.4619661499472,24.0249786376953,503.354166666667,8.00332063188156,9.41055644161531,315.401041666667,237.310104166667,30.3566666666667,15.9589583333333,0.411979166666667,9.28859375,"Young"
60.0781284207883,18.0642077128092,500.114583333333,2.26369971657793,9.03606011935097,316.293898809524,225.773936011905,30.2154613095238,14.8788095238095,0.169605654761905,9.35503720238095,"Young"
67.7655976613363,17.6433556874593,513.802083333333,2.95005355030298,6.05935959309268,318.936755952381,229.887507440476,30.308318452381,14.8559523809524,0.516034226190476,9.38575148809524,"Young"
118.925167806221,20.9403928120931,532.15625,4.53411002208789,9.37343405917105,321.579613095238,234.001078869048,30.4011755952381,14.8330952380952,0.862462797619048,9.41646577380952,"Young"
110.934563577175,22.162335117658,509.572916666667,4.64693425912806,13.1063736709789,324.222470238095,238.114650297619,30.4940327380952,14.8102380952381,1.20889136904762,9.44718005952381,"Young"
95.4472665989653,20.7705014546712,499.6875,9.15278536081314,8.59622429061788,326.865327380952,242.22822172619,30.5868898809524,14.787380952381,1.55531994047619,9.4778943452381,"Young"
117.793551842372,18.3999983469645,496.71875,9.6835118830204,8.98674141471362,329.50818452381,246.341793154762,30.6797470238095,14.7645238095238,1.90174851190476,9.50860863095238,"Young"
93.7600458318537,18.6958961486816,488.479166666667,9.65041017532349,7.85581037090564,332.151041666667,250.455364583333,30.7726041666667,14.7416666666667,2.24817708333333,9.53932291666667,"Young"
60.4157574253698,19.1637503306071,483.135416666667,8.73232300579548,7.1249106950115,334.793898809524,254.568936011905,30.8654613095238,14.7188095238095,2.5946056547619,9.57003720238095,"Young"
93.089640549251,20.4311669667562,475.958333333333,10.6612262204289,7.87557870209813,337.436755952381,258.682507440476,30.958318452381,14.6959523809524,2.94103422619048,9.60075148809524,"Young"
54.7538917492598,21.0472723642985,463.90625,10.7583050429821,8.88129316791831,340.079613095238,262.796078869048,31.0511755952381,14.6730952380952,3.28746279761905,9.63146577380952,"Young"
85.6560895442963,19.875124613444,451.145833333333,10.8712335725625,9.43739530892211,342.722470238095,266.909650297619,31.1440327380952,14.6502380952381,3.63389136904762,9.66218005952381,"Young"
89.2307923998151,20.2717316945394,445.197916666667,10.39714476342,8.96075693097541,345.365327380952,271.023221726191,31.2368898809524,14.627380952381,3.98031994047619,9.69289434523809,"Young"
59.8223489625113,18.3182506561279,438.239583333333,8.8399145056804,5.74464762094715,348.00818452381,275.136793154762,31.3297470238095,14.6045238095238,4.32674851190476,9.72360863095238,"Young"
113.290312222072,18.4760201772054,430.6875,9.35647942125797,6.20810203310806,350.651041666667,279.250364583333,31.4226041666667,14.5816666666667,4.67317708333333,9.75432291666667,"Young"
83.3682319641113,20.6798960367839,425.65625,9.63500266273816,5.36095123324655,353.084077380952,281.506666666667,31.543087797619,14.2377827380952,4.79020089285714,9.75985863095238,"Young"
93.706724966726,22.7242495218913,415.083333333333,11.966745565335,6.67084071653118,355.298363095238,281.826666666667,31.6923735119048,13.5592113095238,4.66805803571429,9.7391443452381,"Young"
118.78293459756,20.6649576822917,412.708333333333,8.1550162906448,6.02861539656753,357.512648809524,282.146666666667,31.8416592261905,12.8806398809524,4.54591517857143,9.71843005952381,"Young"
80.7611861910139,17.2970650990804,408.197916666667,6.3101346946011,3.64486228252979,359.72693452381,282.466666666667,31.9909449404762,12.202068452381,4.42377232142857,9.69771577380952,"Young"
94.3106621742249,18.013604482015,395.364583333333,7.75730749964714,4.34696032879665,361.941220238095,282.786666666667,32.1402306547619,11.5234970238095,4.30162946428571,9.67700148809524,"Young"
104.398277850861,19.8489348093669,391.46875,9.32311664743626,5.03513149091878,364.155505952381,283.106666666667,32.2895163690476,10.8449255952381,4.17948660714286,9.65628720238095,"Young"
85.7332992064647,23.5363160769145,377.5,14.436856969874,7.80303207507527,366.369791666667,283.426666666667,32.4388020833333,10.1663541666667,4.05734375,9.63557291666667,"Young"
89.7486877441406,16.6080010732015,398.197916666667,2.28251415118575,2.82351287670926,368.584077380952,283.746666666667,32.588087797619,9.48778273809524,3.93520089285714,9.61485863095238,"Young"
103.338436578449,15.5139815012614,397.572916666667,2.97800228837878,1.76527791073045,370.798363095238,284.066666666667,32.7373735119048,8.80921130952381,3.81305803571429,9.5941443452381,"Young"
55.5815444606192,14.460823237896,385.90625,6.02034959387272,6.84343906463846,373.012648809524,284.386666666667,32.8866592261905,8.13063988095238,3.69091517857143,9.57343005952381,"Young"
43.1731390476227,12.1887934009234,375.197916666667,5.91188782321082,4.72075146252488,375.22693452381,284.706666666667,33.0359449404762,7.45206845238095,3.56877232142857,9.55271577380952,"Young"
27.8826803922653,13.9694610337416,373.677083333333,7.55452474634698,3.82458160638392,377.441220238095,285.026666666667,33.1852306547619,6.77349702380952,3.44662946428571,9.53200148809524,"Young"
42.3546518465368,21.6199963887533,371.041666666667,15.546864519728,8.25850256606049,379.655505952381,285.346666666667,33.3345163690476,6.0949255952381,3.32448660714286,9.51128720238095,"Young"
44.9032629436917,24.4153332710266,368.635416666667,16.7516142527262,8.50742610902157,381.869791666667,285.666666666667,33.4838020833333,5.41635416666667,3.20234375,9.49057291666667,"Young"
66.2868618766467,23.0520610809326,369.333333333333,12.29745627443,6.24103377927017,382.405505952381,315.389642857143,33.3236011904762,7.3018005952381,3.17846726190476,9.45272321428572,"Young"
48.7404889961084,19.7406234741211,337.552083333333,9.53735648095608,8.57933471212073,381.191220238095,375.766785714286,32.8407440476191,11.8603720238095,3.25703869047619,9.39700892857143,"Young"
37.4661148244684,14.2499796549479,349.770833333333,4.58380050398409,3.26608559826171,379.97693452381,436.143928571429,32.3578869047619,16.418943452381,3.33561011904762,9.34129464285714,"Young"
19.3415249956065,13.1184715827306,343.28125,1.80053231649929,1.9963327041706,378.762648809524,496.521071428571,31.8750297619048,20.9775148809524,3.41418154761905,9.28558035714286,"Young"
14.1161839621408,11.5875225067139,364.989583333333,1.2800419361641,2.503208550072,377.548363095238,556.898214285714,31.3921726190476,25.5360863095238,3.49275297619048,9.22986607142857,"Young"
7.14860384662946,12.7968557874362,433.833333333333,3.94427883878667,5.92031912128555,376.334077380952,617.275357142857,30.9093154761905,30.0946577380952,3.57132440476191,9.17415178571428,"Young"
20.4779444472356,12.0449099342028,444.114583333333,1.02956236169693,1.68871100194497,375.119791666667,677.6525,30.4264583333333,34.6532291666667,3.64989583333333,9.1184375,"Young"
8.83905608338468,12.9945988059044,455.395833333333,1.88542217396675,6.00732652616262,373.905505952381,738.029642857143,29.9436011904762,39.2118005952381,3.72846726190476,9.06272321428571,"Young"
-1.8971238732338,11.5202713012695,468.114583333333,2.68786101508886,3.20091015223043,372.691220238095,798.406785714286,29.460744047619,43.7703720238095,3.80703869047619,9.00700892857143,"Young"
12.8826849555537,11.2127717336019,466.479166666667,3.33287060384949,4.64490062643501,371.47693452381,858.783928571429,28.9778869047619,48.328943452381,3.88561011904762,8.95129464285714,"Young"
12.4530370090689,10.6008750995,464.739583333333,4.04344960550467,6.65259460085228,370.262648809524,919.161071428571,28.4950297619048,52.8875148809524,3.96418154761905,8.89558035714286,"Young"
18.6005630228255,11.5038547515869,476.71875,1.18933415723344,2.82133268427479,369.048363095238,979.538214285714,28.0121726190476,57.4460863095238,4.04275297619048,8.83986607142857,"Young"
16.1759510040283,15.152355949084,476.072916666667,8.17596176187409,5.23222350336903,367.834077380952,1039.91535714286,27.5293154761905,62.0046577380952,4.12132440476191,8.78415178571428,"Young"
20.2781320867084,14.820187886556,466.239583333333,6.2586869088312,3.63563916648266,366.619791666667,1100.2925,27.0464583333333,66.5632291666667,4.19989583333333,8.7284375,"Young"
40.1744115674818,15.9748547871908,464.489583333333,6.40686767175794,4.92416727182687,366.790865384615,1106.41165064103,26.9054487179487,74.085608974359,4.17936698717949,8.70451923076923,"Young"
71.4403788142734,17.6664390563965,459.302083333333,7.01736361036698,6.49695486908991,368.40625,1055.96395833333,27.1208333333333,84.6979166666667,4.05552083333333,8.71375,"Young"
98.1882242654499,18.6848748922348,454.010416666667,6.43824279054682,4.5761027353638,370.021634615385,1005.51626602564,27.3362179487179,95.3102243589744,3.93167467948718,8.72298076923077,"Young"
17.4476654818564,16.8442707061768,445.34375,6.93723619977633,3.60968512236848,371.637019230769,955.068573717949,27.5516025641026,105.922532051282,3.80782852564103,8.73221153846154,"Young"
34.0902435514662,13.4673951268196,436.729166666667,4.42416924859087,4.27791622065206,373.252403846154,904.620881410256,27.7669871794872,116.53483974359,3.68398237179487,8.74144230769231,"Young"
33.3564081688722,13.1728521982829,435.552083333333,4.4924576766789,3.54700866731013,374.867788461538,854.173189102564,27.9823717948718,127.147147435897,3.56013621794872,8.75067307692308,"Young"
36.3486296709846,13.3240247468154,435.322916666667,8.32953384891152,3.68488273163462,376.483173076923,803.725496794872,28.1977564102564,137.759455128205,3.43629006410256,8.75990384615385,"Young"
45.1664731069045,15.2215187549591,430.78125,7.65695384461829,3.18871694317384,378.098557692308,753.277804487179,28.413141025641,148.371762820513,3.31244391025641,8.76913461538462,"Young"
43.7532768664153,14.3853117624919,415.4375,10.681050820897,3.21583209233569,379.713942307692,702.830112179487,28.6285256410256,158.98407051282,3.18859775641026,8.77836538461538,"Young"
19.364836489453,13.6842103997866,410.229166666667,6.72247493515412,2.61898399106594,381.329326923077,652.382419871795,28.8439102564103,169.596378205128,3.0647516025641,8.78759615384615,"Young"
24.942406463623,14.7821470896403,411.114583333333,8.6945414878428,3.2079218738906,382.944711538462,601.934727564103,29.0592948717949,180.208685897436,2.94090544871795,8.79682692307692,"Young"
23.3736311594645,16.5261465708415,399.416666666667,12.6379966661334,3.58432715961667,384.560096153846,551.48703525641,29.2746794871795,190.820993589744,2.81705929487179,8.80605769230769,"Young"
20.800268803324,10.9588125646114,393.125,6.29649992287159,1.58961827653466,386.175480769231,501.039342948718,29.4900641025641,201.433301282051,2.69321314102564,8.81528846153846,"Young"
19.5197622871399,11.8856900036335,391.197916666667,6.57098632740478,2.640206154932,387.747974537037,475.869748263889,29.6131915509259,204.141788194444,2.68099826388889,8.81388020833333,"Young"
24.0661968290806,13.7239144643148,385.21875,7.90627547105153,3.28703692212345,389.275752314815,477.053914930556,29.6401359953704,198.610121527778,2.78516493055556,8.80138020833333,"Young"
19.3751095883987,11.6015150249004,379.09375,6.51640001383234,1.93883131059355,390.803530092593,478.238081597222,29.6670804398148,193.078454861111,2.88933159722222,8.78888020833333,"Young"
35.7964086135228,15.1823119719823,376.864583333333,11.7354437559843,2.63761280666524,392.33130787037,479.422248263889,29.6940248842593,187.546788194444,2.99349826388889,8.77638020833333,"Young"
28.316547314326,10.6435841619968,374.34375,9.17286712328593,2.12450561282784,393.859085648148,480.606414930556,29.7209693287037,182.015121527778,3.09766493055556,8.76388020833333,"Young"
21.7206649021669,9.24224955836932,368.5625,5.07110726833344,2.40925885739509,395.386863425926,481.790581597222,29.7479137731481,176.483454861111,3.20183159722222,8.75138020833333,"Young"
9.796978054444,16.3002707163493,357.614583333333,9.57452752192815,3.13376676035115,396.914641203704,482.974748263889,29.7748582175926,170.951788194444,3.30599826388889,8.73888020833333,"Young"
21.5425632794698,16.7970625559489,361.177083333333,8.76674945931882,1.67091218555072,398.442418981481,484.158914930556,29.801802662037,165.420121527778,3.41016493055556,8.72638020833333,"Young"
17.1871162845242,10.5672307213147,354.197916666667,4.50120829418302,1.25964889977631,399.970196759259,485.343081597222,29.8287471064815,159.888454861111,3.51433159722222,8.71388020833333,"Young"
13.0022513789515,9.73681362469991,341.375,5.73412936677535,1.20649573613307,401.497974537037,486.527248263889,29.8556915509259,154.356788194444,3.61849826388889,8.70138020833333,"Young"
1.69324136575063,14.4487932821115,337.104166666667,10.2639885594447,2.8460929430788,403.025752314815,487.711414930556,29.8826359953704,148.825121527778,3.72266493055556,8.68888020833333,"Young"
20.0527462634173,14.5008335113525,335.541666666667,9.67188927034537,1.87654862037213,404.553530092593,488.895581597222,29.9095804398148,143.293454861111,3.82683159722222,8.67638020833333,"Young"
20.2712419033051,6.99106188118458,336.3125,4.41991294672092,0.900109504273642,406.08130787037,490.079748263889,29.9365248842593,137.761788194444,3.93099826388889,8.66388020833333,"Young"
13.260516507285,14.4373529553413,333.833333333333,10.3973855425914,2.33146058785902,407.609085648148,491.263914930556,29.9634693287037,132.230121527778,4.03516493055556,8.65138020833333,"Young"
9.70029027214864,13.6264152526855,333.708333333333,7.05722815046708,2.14222860484104,409.136863425926,492.448081597222,29.9904137731481,126.698454861111,4.13933159722222,8.63888020833333,"Young"
31.540320608351,15.0627504487832,321.333333333333,8.36645072201888,2.38482192032406,410.664641203704,493.632248263889,30.0173582175926,121.166788194444,4.24349826388889,8.62638020833333,"Young"
19.1454851962626,20.1157296498617,313.989583333333,13.0060081730286,3.56271073607665,412.192418981481,494.816414930556,30.044302662037,115.635121527778,4.34766493055556,8.61388020833333,"Young"
25.4900580083623,17.7300421396891,309.21875,9.52738529443741,2.47642395356937,413.720196759259,496.000581597222,30.0712471064815,110.103454861111,4.45183159722222,8.60138020833333,"Young"
22.9669283429782,14.2350826263428,307.020833333333,5.6688570988675,0.166320281847818,415.247974537037,497.184748263889,30.0981915509259,104.571788194444,4.55599826388889,8.58888020833333,"Young"
9.15161898732185,12.5033548871676,306.46875,6.97056208364666,2.27524616325366,416.775752314815,498.368914930556,30.1251359953704,99.0401215277778,4.66016493055556,8.57638020833333,"Young"
24.967894869466,12.2603949308395,303.270833333333,6.13999375080069,1.19663685229077,418.303530092593,499.553081597222,30.1520804398148,93.5084548611111,4.76433159722222,8.56388020833333,"Young"
20.9021416577426,13.0852291186651,303.114583333333,8.23389208813508,1.27478061872562,419.83130787037,500.737248263889,30.1790248842593,87.9767881944445,4.86849826388889,8.55138020833333,"Young"
16.799659622709,14.6357923150063,301.875,10.6513276124994,0.617292443089932,421.359085648148,501.921414930556,30.2059693287037,82.4451215277778,4.97266493055556,8.53888020833333,"Young"
62.1673738589654,18.626230875651,300.020833333333,15.108844012022,0.139402495883357,422.886863425926,503.105581597222,30.2329137731481,76.9134548611111,5.07683159722222,8.52638020833333,"Young"
19.6800889571508,18.2815628051758,295.489583333333,12.1550824890534,0.631429673798382,424.414641203704,504.289748263889,30.2598582175926,71.3817881944445,5.18099826388889,8.51388020833333,"Young"
12.7994791115152,14.0222052534421,281.270833333333,3.87811636584146,0.927968117085569,425.942418981481,505.473914930556,30.286802662037,65.8501215277778,5.28516493055556,8.50138020833333,"Young"
6.0496815836176,10.0130843420823,272.1875,4.35579152529438,0.832634838357881,427.470196759259,506.658081597222,30.3137471064815,60.3184548611111,5.38933159722222,8.48888020833333,"Young"
3.29331321087148,8.39781295259794,276.385416666667,3.84357363606493,0.0286158607674893,428.997974537037,507.842248263889,30.3406915509259,54.7867881944444,5.49349826388889,8.47638020833333,"Young"
11.614850419263,9.22533137599627,270.645833333333,5.77712442725897,1.13760334089538,430.525752314815,509.026414930556,30.3676359953704,49.2551215277778,5.59766493055556,8.46388020833333,"Young"
15.1234611954008,6.53080738087495,270.625,3.89073424897295,0.735676931859411,432.053530092593,510.210581597222,30.3945804398148,43.7234548611111,5.70183159722222,8.45138020833333,"Young"
6.73165304027498,3.75041598733515,270.885416666667,2.70907066638271,1.04656538939747,433.58130787037,511.394748263889,30.4215248842593,38.1917881944444,5.80599826388889,8.43888020833333,"Young"
1.80745504867463,4.11272764950991,302.145833333333,1.08456835096392,-0.0441764731601989,435.109085648148,512.578914930555,30.4484693287037,32.6601215277778,5.91016493055556,8.42638020833333,"Young"
12.2147925297419,5.49198166529338,333.270833333333,1.87908907436455,0.399200132562518,436.636863425926,513.763081597222,30.4754137731481,27.1284548611111,6.01433159722222,8.41388020833333,"Young"
5.4749988598689,4.38642214735349,310.239130434783,2.3478455735654,0.26452329425814,438.164641203704,514.947248263889,30.5023582175926,21.5967881944444,6.11849826388889,8.40138020833333,"Young"
5.50620493383119,6.19708353808771,NA,4.66612136363983,0.780570168620691,439.692418981481,516.131414930555,30.529302662037,16.0651215277778,6.22266493055556,8.38888020833333,"Young"
4.66988342423593,10.1000495155652,NA,5.30775760082488,1.32197943615517,441.220196759259,517.315581597222,30.5562471064815,10.5334548611111,6.32683159722222,8.37638020833333,"Young"
9.55344971743497,12.3429589867592,NA,6.47522204866012,1.36685321205843,442,517.92,30.57,7.71,6.38,8.37,"Young"
4.69653583500379,2.75333168931926,NA,2.11405780663093,0.784856625346251,NA,NA,NA,NA,NA,NA,"Young"
1.42031371742487,0.653749050029243,NA,1.8853918860356,0.320630153721727,NA,NA,NA,NA,NA,NA,"Young"
3.06109301138807,-0.960708424177331,NA,1.62790168977032,0.0626732462885231,NA,NA,NA,NA,NA,NA,"Young"
1.30018634995555,-0.894019239892562,NA,1.3468419238925,-0.0583037766967267,NA,NA,NA,NA,NA,NA,"Young"
5.90728426170655,0.766373586336461,NA,1.11364671836297,0.420879151858047,NA,NA,NA,NA,NA,NA,"Young"
3.22336209012022,0.865030745820453,NA,1.19740981117208,0.472317223518312,NA,NA,NA,NA,NA,NA,"Young"
6.24896237999201,3.10627004069587,NA,2.04375595971942,0.196950933365006,NA,NA,NA,NA,NA,NA,"Young"
3.07837128482367,4.76356267929077,NA,1.79877066363891,-0.252378957252905,NA,NA,NA,NA,NA,NA,"Young"
0.766554713249207,6.05618302275737,NA,0.616111452116611,-0.0590844750607917,NA,NA,NA,NA,NA,NA,"Young"
5.34368883605514,3.46517001589139,NA,2.26601972129751,0.400730088788372,NA,NA,NA,NA,NA,NA,"Young"
17.9614250294864,4.53704080121436,NA,3.54249375551305,0.415901695682488,NA,NA,NA,NA,NA,NA,"Young"
5.25350165026529,2.33745914759735,NA,2.0685259979291,0.327738307740174,NA,NA,NA,NA,NA,NA,"Young"
4.51421830930154,-0.463914615752098,NA,1.78126019239426,0.160219192534385,NA,NA,NA,NA,NA,NA,"Young"
2.64636979353699,-1.04104016923035,NA,1.36671208093564,0.268983295669857,NA,NA,NA,NA,NA,NA,"Young"
1.37385839223862,-3.07068995606581,NA,1.43601310874025,0.630313215097658,NA,NA,NA,NA,NA,NA,"Young"
1.35631391570665,-0.921416410167391,NA,2.42989189053575,0.545057977974974,NA,NA,NA,NA,NA,NA,"Young"
0.224112005697356,3.36112623848021,NA,3.12504208522538,0.519018650478244,NA,NA,NA,NA,NA,NA,"Young"
4.46126089670828,7.45810541510582,NA,3.47846523672342,0.844055168609824,NA,NA,NA,NA,NA,NA,"Young"
3.53927768901404,5.38843694515526,NA,3.59782900102437,0.631205980718396,NA,NA,NA,NA,NA,NA,"Young"
2.63582683402684,2.39768751850352,NA,2.13600639998913,0.336817183706112,NA,NA,NA,NA,NA,NA,"Young"
2.63070098922016,0.975582326607158,NA,3.14602282767495,0.609684483107949,NA,NA,NA,NA,NA,NA,"Young"
0.181374006159604,-0.826206642513474,NA,2.4205618451039,0.643077781825891,NA,NA,NA,NA,NA,NA,"Young"
0.786115974187851,0.0746042911196128,NA,1.43427734289677,-0.563220781566068,NA,NA,NA,NA,NA,NA,"Young"
-1.77756823911223,-2.32327120254437,NA,0.635406553124388,-0.137371361292846,NA,NA,NA,NA,NA,NA,"Young"
-4.15324761872762,-6.39966821670532,NA,0.580846353123585,0.512055784561425,NA,NA,NA,NA,NA,NA,"Young"
43.4357379255471,-6.0093222061793,NA,0.478650215481009,-2.83082602748022,NA,NA,NA,NA,NA,NA,"Young"
0.375447380735918,-5.51510159174601,NA,0.33971985305349,0.291000896656243,NA,NA,NA,NA,NA,NA,"Young"
0.652421787982025,-4.35407576461633,NA,0.233469969517476,0.936944509162439,NA,NA,NA,NA,NA,NA,"Young"
0.0194150410019434,-0.5626453042496,NA,1.70019826769829,0.0746233043767735,NA,NA,NA,NA,NA,NA,"Young"
-4.0417101872356,-5.21525048464537,NA,0.590407618011037,-0.115916521309842,NA,NA,NA,NA,NA,NA,"Young"
0.107970541384485,-8.73464663823446,NA,0.511789632961154,0.181861723669053,NA,NA,NA,NA,NA,NA,"Young"
0.190200066596672,-5.93930981059869,NA,0.711803188790446,0.271285062903956,NA,NA,NA,NA,NA,NA,"Young"
0.678665310873286,-5.46264607893924,NA,0.837590138738354,-0.157868428522948,NA,NA,NA,NA,NA,NA,"Young"
-2.44572567952176,-12.9514974256357,NA,0.599240210528175,0.362568169522539,NA,NA,NA,NA,NA,NA,"Young"
0.366989575823148,-8.36989487210909,NA,0.743617644533515,0.500204358772892,NA,NA,NA,NA,NA,NA,"Young"
-0.582498682041963,-2.2765392709213,NA,1.2495604082942,-0.0559688042637873,NA,NA,NA,NA,NA,NA,"Young"
-0.67631101420977,-15.6556463837624,NA,0.485234061566492,0.286727243118798,NA,NA,NA,NA,NA,NA,"Young"
-0.975078623915134,-14.359041929245,NA,0.473520898570617,0.289365811230456,NA,NA,NA,NA,NA,NA,"Young"
0.744361882026379,-4.5946855203559,NA,0.725659181462957,0.165327727106407,NA,NA,NA,NA,NA,NA,"Young"
-5.36005277636771,-3.75845564405123,NA,1.29249142855406,-0.237113554533245,NA,NA,NA,NA,NA,NA,"Young"
0.62941494188977,-7.5169991950194,NA,0.99642033316195,-0.0972641096650735,NA,NA,NA,NA,NA,NA,"Young"
-0.129296988052757,-3.40922159752032,NA,0.765707619646762,0.0596695042812042,NA,NA,NA,NA,NA,NA,"Young"
2.58301615715027,-6.23450281719367,NA,0.31754873563414,-0.96959385907742,NA,NA,NA,NA,NA,NA,"Young"
NA,0.858955677598715,NA,NA,-0.833313209578413,NA,NA,NA,NA,NA,NA,"Young"
NA,-3.02780037673074,NA,NA,-1.06433844769071,NA,NA,NA,NA,NA,NA,"Young"
NA,-5.04201594988505,NA,NA,-0.300485686397016,NA,NA,NA,NA,NA,NA,"Young"
NA,-9.45637711882591,NA,NA,-0.55541038349361,NA,NA,NA,NA,NA,NA,"Young"
NA,-11.2639797230562,NA,NA,-0.703100250284851,NA,NA,NA,NA,NA,NA,"Young"
NA,-21.0293337106705,NA,NA,-1.31030626736471,NA,NA,NA,NA,NA,NA,"Young"
NA,-18.6855851014455,NA,NA,-1.6767118362454,NA,NA,NA,NA,NA,NA,"Young"
NA,-14.9932537873586,NA,NA,-0.402211914976805,NA,NA,NA,NA,NA,NA,"Young"
NA,-5.3502182662487,NA,NA,-0.195224651276428,NA,NA,NA,NA,NA,NA,"Young"
NA,-12.385432044665,NA,NA,-0.461128816525072,NA,NA,NA,NA,NA,NA,"Young"
NA,-11.133093436559,NA,NA,-0.475264583379261,NA,NA,NA,NA,NA,NA,"Young"
NA,-1.6528244560274,NA,NA,-0.29547333867491,NA,NA,NA,NA,NA,NA,"Young"
NA,-6.73176602522532,NA,NA,-1.11852884851634,NA,NA,NA,NA,NA,NA,"Young"
NA,-3.67226435244083,NA,NA,-1.16575346368944,NA,NA,NA,NA,NA,NA,"Young"
NA,-7.94180391232173,NA,NA,-0.0885844522705078,NA,NA,NA,NA,NA,NA,"Young"
NA,-19.1986821095149,NA,NA,-0.223419961118191,NA,NA,NA,NA,NA,NA,"Young"
NA,-18.835697620473,NA,NA,-0.993617294767789,NA,NA,NA,NA,NA,NA,"Young"
NA,-20.2004098097483,NA,NA,-0.699086330010697,NA,NA,NA,NA,NA,NA,"Young"
NA,-12.8634139001369,NA,NA,-0.723083050421208,NA,NA,NA,NA,NA,NA,"Young"
-0.434283465147018,-19.3610360622406,NA,0.448749497532845,-0.646507735728264,NA,NA,NA,NA,NA,NA,"Young"
NA,-16.0612653096517,NA,NA,0.00364763779699802,NA,NA,NA,NA,NA,NA,"Young"
NA,-12.5899960398674,NA,NA,0.658034114996552,NA,NA,NA,NA,NA,NA,"Young"
NA,-11.6725651224454,NA,NA,0.463177636193633,NA,NA,NA,NA,NA,NA,"Young"
NA,-13.7804215053717,NA,NA,-0.483195430274662,NA,NA,NA,NA,NA,NA,"Young"
NA,-21.5758057435354,NA,NA,-1.30013364919377,NA,NA,NA,NA,NA,NA,"Young"
NA,-18.7025652925173,NA,NA,-1.13753915752602,NA,NA,NA,NA,NA,NA,"Young"
NA,-20.7585179408391,NA,NA,-0.888765479312539,NA,NA,NA,NA,NA,NA,"Young"
NA,-27.1789572238922,NA,NA,0.086795863158524,NA,NA,NA,NA,NA,NA,"Young"
NA,-31.3504973472433,NA,NA,0.639154128880083,NA,NA,NA,NA,NA,NA,"Young"
NA,-28.6053153673808,NA,NA,0.37484131869632,NA,NA,NA,NA,NA,NA,"Young"
NA,-31.5228164593379,NA,NA,-0.271634071788087,NA,NA,NA,NA,NA,NA,"Young"
